episode,score,total_reward,epsilon,loss,steps,steps_since_food
1.0,1.0,-1.2999999999999972,1.0,0.0,15.0,8.0
2.0,0.0,-11.2,0.997,0.0,13.0,13.0
3.0,0.0,-11.2,0.994009,0.0,13.0,13.0
4.0,0.0,-11.0,0.991026973,0.0,11.0,11.0
5.0,0.0,-11.3,0.988053892081,0.0,14.0,14.0
6.0,0.0,-11.0,0.985089730404757,0.0,11.0,11.0
7.0,1.0,-0.6999999999999993,0.9821344612135428,0.0,9.0,4.0
8.0,1.0,-1.1999999999999993,0.9791880578299021,0.0,14.0,1.0
9.0,0.0,-10.6,0.9762504936564125,0.0,7.0,7.0
10.0,0.0,-10.9,0.9733217421754432,0.0,10.0,10.0
11.0,0.0,-11.700000000000001,0.9704017769489168,0.0,18.0,18.0
12.0,0.0,-10.4,0.9674905716180701,0.0,5.0,5.0
13.0,0.0,-10.5,0.9645880999032158,0.0,6.0,6.0
14.0,0.0,-11.2,0.9616943356035061,0.0,13.0,13.0
15.0,0.0,-10.4,0.9588092525966956,0.0,5.0,5.0
16.0,0.0,-10.6,0.9559328248389055,0.0,7.0,7.0
17.0,1.0,-1.099999999999996,0.9530650263643888,0.0,13.0,10.0
18.0,0.0,-10.2,0.9502058312852957,0.0,3.0,3.0
19.0,0.0,-10.4,0.9473552137914398,0.0,5.0,5.0
20.0,1.0,-1.7999999999999954,0.9445131481500655,0.0,20.0,15.0
21.0,0.0,-10.9,0.9416796087056153,0.0,10.0,10.0
22.0,1.0,-0.29999999999999893,0.9388545698794984,0.0,5.0,4.0
23.0,2.0,9.5,0.93603800616986,0.0,8.0,3.0
24.0,0.0,-10.5,0.9332298921513504,0.0,6.0,6.0
25.0,1.0,-0.40000000000000036,0.9304302024748964,0.0,6.0,1.0
26.0,0.0,-10.6,0.9276389118674717,0.0,7.0,7.0
27.0,0.0,-12.3,0.9248559951318693,0.0,24.0,24.0
28.0,0.0,-11.2,0.9220814271464737,0.0,13.0,13.0
29.0,0.0,-10.8,0.9193151828650342,0.0,9.0,9.0
30.0,0.0,-10.3,0.9165572373164391,0.0,4.0,4.0
31.0,0.0,-11.9,0.9138075656044898,0.0,20.0,20.0
32.0,0.0,-10.7,0.9110661429076764,0.0,8.0,8.0
33.0,0.0,-10.2,0.9083329444789534,0.0,3.0,3.0
34.0,0.0,-11.1,0.9056079456455165,0.0,12.0,12.0
35.0,0.0,-10.4,0.90289112180858,0.0,5.0,5.0
36.0,0.0,-11.6,0.9001824484431542,0.0,17.0,17.0
37.0,1.0,-0.29999999999999893,0.8974819010978248,0.0,5.0,4.0
38.0,1.0,-1.2999999999999954,0.8947894553945313,0.0,15.0,13.0
39.0,0.0,-10.4,0.8921050870283477,0.0,5.0,5.0
40.0,0.0,-10.9,0.8894287717672626,0.0,10.0,10.0
41.0,1.0,-0.3999999999999986,0.8867604854519608,0.0,6.0,4.0
42.0,0.0,-11.2,0.884100203995605,0.0,13.0,13.0
43.0,0.0,-10.3,0.8814479033836181,0.0,4.0,4.0
44.0,0.0,-10.6,0.8788035596734672,0.0,7.0,7.0
45.0,0.0,-10.8,0.8761671489944468,0.0,9.0,9.0
46.0,0.0,-10.6,0.8735386475474635,0.0,7.0,7.0
47.0,0.0,-10.5,0.8709180316048211,0.0,6.0,6.0
48.0,0.0,-10.6,0.8683052775100066,0.0,7.0,7.0
49.0,0.0,-11.4,0.8657003616774767,0.0,15.0,15.0
50.0,0.0,-11.6,0.8631032605924442,0.0,17.0,17.0
51.0,0.0,-10.4,0.860513950810667,0.0,5.0,5.0
52.0,0.0,-10.4,0.857932408958235,0.0,5.0,5.0
53.0,0.0,-11.2,0.8553586117313603,0.0,13.0,13.0
54.0,0.0,-10.6,0.8527925358961662,0.0,7.0,7.0
55.0,0.0,-10.4,0.8502341582884777,0.0,5.0,5.0
56.0,1.0,-1.099999999999996,0.8476834558136123,0.0,13.0,10.0
57.0,1.0,-0.5999999999999979,0.8451404054461714,0.0,8.0,6.0
58.0,1.0,-1.6999999999999957,0.8426049842298329,0.0,19.0,11.0
59.0,0.0,-10.4,0.8400771692771434,0.0,5.0,5.0
60.0,0.0,-10.5,0.837556937769312,0.0,6.0,6.0
61.0,0.0,-10.8,0.835044266956004,0.0,9.0,9.0
62.0,0.0,-10.8,0.8325391341551359,0.0,9.0,9.0
63.0,0.0,-10.6,0.8300415167526705,0.0,7.0,7.0
64.0,0.0,-11.9,0.8275513922024125,0.0,20.0,20.0
65.0,0.0,-10.5,0.8250687380258053,0.0,6.0,6.0
66.0,1.0,-1.4999999999999947,0.8225935318117279,0.0,17.0,16.0
67.0,1.0,-0.29999999999999893,0.8201257512162927,0.0,5.0,3.0
68.0,1.0,-0.9999999999999982,0.8176653739626438,0.0,12.0,6.0
69.0,0.0,-11.2,0.8152123778407558,0.0,13.0,13.0
70.0,0.0,-11.3,0.8127667407072335,0.0,14.0,14.0
71.0,0.0,-10.9,0.8103284404851119,0.0,10.0,10.0
72.0,0.0,-10.2,0.8078974551636565,0.0,3.0,3.0
73.0,1.0,-1.1999999999999975,0.8054737627981655,0.0,14.0,8.0
74.0,0.0,-10.9,0.803057341509771,0.0,10.0,10.0
75.0,1.0,-1.7999999999999954,0.8006481694852418,0.0,20.0,12.0
76.0,1.0,-0.29999999999999893,0.798246224976786,0.0,5.0,2.0
77.0,0.0,-11.2,0.7958514863018556,0.0,13.0,13.0
78.0,0.0,-11.0,0.79346393184295,0.0,11.0,11.0
79.0,0.0,-10.3,0.7910835400474212,0.0,4.0,4.0
80.0,0.0,-10.4,0.7887102894272789,0.0,5.0,5.0
81.0,0.0,-10.6,0.7863441585589971,0.0,7.0,7.0
82.0,0.0,-10.6,0.78398512608332,0.0,7.0,7.0
83.0,0.0,-10.6,0.7816331707050701,0.0,7.0,7.0
84.0,0.0,-10.9,0.7792882711929549,0.0,10.0,10.0
85.0,0.0,-10.8,0.776950406379376,0.0,9.0,9.0
86.0,0.0,-10.4,0.7746195551602378,0.0,5.0,5.0
87.0,1.0,-0.8999999999999968,0.7722956964947572,0.0,11.0,9.0
88.0,2.0,9.600000000000001,0.7699788094052729,0.0,7.0,1.0
89.0,0.0,-10.6,0.767668872977057,0.0,7.0,7.0
90.0,0.0,-11.3,0.7653658663581259,0.0,14.0,14.0
91.0,1.0,-0.1999999999999993,0.7630697687590515,0.0,4.0,3.0
92.0,0.0,-11.0,0.7607805594527743,0.0,11.0,11.0
93.0,0.0,-10.9,0.7584982177744161,0.0,10.0,10.0
94.0,0.0,-10.6,0.7562227231210928,0.0,7.0,7.0
95.0,1.0,-1.699999999999994,0.7539540549517295,0.0,19.0,16.0
96.0,0.0,-10.9,0.7516921927868743,0.0,10.0,10.0
97.0,0.0,-11.0,0.7494371162085136,0.0,11.0,11.0
98.0,0.0,-10.5,0.747188804859888,0.0,6.0,6.0
99.0,1.0,-1.0999999999999979,0.7449472384453084,0.0,13.0,6.0
100.0,0.0,-11.2,0.7427123967299725,0.0,13.0,13.0
101.0,0.0,-11.0,0.7404842595397826,0.0,11.0,11.0
102.0,0.0,-10.4,0.7382628067611632,0.0,5.0,5.0
103.0,1.0,-0.9999999999999982,0.7360480183408797,1.123612117767334,12.0,7.0
104.0,0.0,-10.5,0.7338398742858571,1.2367488543192546,6.0,6.0
105.0,0.0,-10.6,0.7316383546629995,1.2304404292787825,7.0,7.0
106.0,0.0,-11.6,0.7294434395990105,1.1385100694263683,17.0,17.0
107.0,0.0,-11.9,0.7272551092802134,0.9356428116559983,20.0,20.0
108.0,0.0,-10.2,0.7250733439523728,0.6540495951970419,3.0,3.0
109.0,0.0,-10.8,0.7228981239205157,0.6850356823868222,9.0,9.0
110.0,0.0,-10.4,0.7207294295487541,0.6030084252357483,5.0,5.0
111.0,1.0,-1.4999999999999982,0.7185672412601078,0.5092705961535958,17.0,6.0
112.0,0.0,-11.1,0.7164115395363275,0.4146702016393344,12.0,12.0
113.0,1.0,-0.40000000000000036,0.7142623049177186,0.3670898328224818,6.0,2.0
114.0,0.0,-11.0,0.7121195180029655,0.29641543464227155,11.0,11.0
115.0,0.0,-10.5,0.7099831594489566,0.3647465954224269,6.0,6.0
116.0,1.0,-1.1999999999999975,0.7078532099706097,0.22714108135551214,14.0,10.0
117.0,0.0,-10.3,0.7057296503406979,0.25314078480005264,4.0,4.0
118.0,0.0,-10.3,0.7036124613896758,0.2136215642094612,4.0,4.0
119.0,1.0,-2.5999999999999908,0.7015016240055068,0.2624863699477698,28.0,27.0
120.0,0.0,-10.8,0.6993971191334902,0.23967098605094683,9.0,9.0
121.0,0.0,-11.2,0.6972989277760897,0.22976842164420164,13.0,13.0
122.0,2.0,8.599999999999994,0.6952070309927615,0.31823677876416373,17.0,8.0
123.0,1.0,-0.8999999999999986,0.6931214098997832,0.3133873519572345,11.0,6.0
124.0,3.0,19.09999999999999,0.6910420456700839,0.3150285654343091,13.0,1.0
125.0,0.0,-10.8,0.6889689195330736,0.24449044631587136,9.0,9.0
126.0,1.0,-0.09999999999999964,0.6869020127744744,0.3127866288026174,3.0,1.0
127.0,0.0,-10.7,0.684841306736151,0.202693818253465,8.0,8.0
128.0,0.0,-10.4,0.6827867828159425,0.3061320632696152,5.0,5.0
129.0,0.0,-10.6,0.6807384224674947,0.33043220745665686,7.0,7.0
130.0,0.0,-10.4,0.6786962072000923,0.34369365870952606,5.0,5.0
131.0,1.0,-2.2,0.676660118578492,0.2980468273162842,24.0,2.0
132.0,1.0,-1.099999999999996,0.6746301382227565,0.23369548641718352,13.0,10.0
133.0,1.0,-1.2999999999999972,0.6726062478080883,0.2323601429661115,15.0,7.0
134.0,0.0,-12.0,0.6705884290646641,0.2662421397510029,21.0,21.0
135.0,0.0,-11.2,0.66857666377747,0.25737587133279216,13.0,13.0
136.0,1.0,-0.7999999999999972,0.6665709337861376,0.2753026749938726,10.0,7.0
137.0,0.0,-10.5,0.6645712209847792,0.3006303533911705,6.0,6.0
138.0,1.0,-0.5,0.6625775073218249,0.37136293734822956,7.0,1.0
139.0,2.0,9.2,0.6605897747998594,0.29737143286249856,11.0,3.0
140.0,1.0,-0.7999999999999972,0.6586080054754598,0.3333748534321785,10.0,9.0
141.0,1.0,-0.3999999999999986,0.6566321814590335,0.28201544284820557,6.0,5.0
142.0,1.0,-1.7999999999999954,0.6546622849146564,0.3282635137438774,20.0,14.0
143.0,0.0,-10.7,0.6526982980599124,0.40859116055071354,8.0,8.0
144.0,0.0,-10.3,0.6507402031657327,0.38646215200424194,4.0,4.0
145.0,1.0,-0.40000000000000036,0.6487879825562355,0.34534887969493866,6.0,2.0
146.0,0.0,-10.4,0.6468416186085668,0.3456855446100235,5.0,5.0
147.0,0.0,-11.700000000000001,0.6449010937527411,0.30138038885262275,18.0,18.0
148.0,0.0,-11.3,0.6429663904714829,0.2760545292070934,14.0,14.0
149.0,0.0,-11.5,0.6410374913000684,0.3510383768007159,16.0,16.0
150.0,1.0,-0.6999999999999975,0.6391143788261682,0.4283653464582231,9.0,6.0
151.0,1.0,-2.3999999999999932,0.6371970356896897,0.3192656971514225,26.0,22.0
152.0,1.0,-0.3999999999999986,0.6352854445826206,0.37452783187230426,6.0,4.0
153.0,0.0,-10.4,0.6333795882488727,0.281435963511467,5.0,5.0
154.0,1.0,-1.399999999999995,0.6314794494841262,0.2836394542828202,16.0,15.0
155.0,1.0,-0.4999999999999982,0.6295850111356738,0.2427513599395752,7.0,6.0
156.0,1.0,-0.5999999999999996,0.6276962561022668,0.4442048892378807,8.0,1.0
157.0,4.0,25.399999999999984,0.62581316733396,0.32311346601037416,51.0,1.0
158.0,0.0,-11.1,0.623935727831958,0.3180348438521226,12.0,12.0
159.0,2.0,9.300000000000004,0.6220639206484622,0.32813865393400193,10.0,1.0
160.0,0.0,-11.0,0.6201977288865168,0.40406998890367424,11.0,11.0
161.0,2.0,8.100000000000001,0.6183371356998573,0.329246924682097,22.0,3.0
162.0,0.0,-10.4,0.6164821242927577,0.3444396913051605,5.0,5.0
163.0,1.0,-1.8999999999999932,0.6146326779198794,0.3673205790775163,21.0,18.0
164.0,0.0,-10.8,0.6127887798861198,0.3940630190902286,9.0,9.0
165.0,1.0,-3.299999999999992,0.6109504135464614,0.31511795818805693,35.0,24.0
166.0,0.0,-10.6,0.609117562305822,0.3435636396918978,7.0,7.0
167.0,4.0,27.899999999999977,0.6072902096189046,0.37937049109202164,26.0,9.0
168.0,2.0,6.900000000000006,0.6054683389900478,0.3516028042444411,34.0,4.0
169.0,1.0,-0.7999999999999989,0.6036519339730777,0.3504576787352562,10.0,2.0
170.0,0.0,-10.6,0.6018409781711584,0.4275998260293688,7.0,7.0
171.0,3.0,17.899999999999995,0.6000354552366449,0.37884680300951,25.0,7.0
172.0,0.0,-11.0,0.598235348870935,0.29601097648794,11.0,11.0
173.0,2.0,9.7,0.5964406428243222,0.3537018646796544,6.0,2.0
174.0,0.0,-10.6,0.5946513208958493,0.43220263932432446,7.0,7.0
175.0,0.0,-11.9,0.5928673669331617,0.28796845190227033,20.0,20.0
176.0,1.0,-2.099999999999998,0.5910887648323622,0.33676546617694525,23.0,9.0
177.0,2.0,8.899999999999999,0.5893154985378651,0.3965257555246353,14.0,3.0
178.0,1.0,-0.4999999999999982,0.5875475520422515,0.41336530447006226,7.0,4.0
179.0,1.0,-1.299999999999999,0.5857849093861247,0.3726403425137202,15.0,6.0
180.0,1.0,-1.1999999999999993,0.5840275546579663,0.33018864904131207,14.0,3.0
181.0,1.0,-1.1999999999999993,0.5822754719939924,0.36266981065273285,14.0,2.0
182.0,2.0,7.699999999999985,0.5805286455780104,0.4375933471780557,26.0,13.0
183.0,1.0,-0.40000000000000036,0.5787870596412764,0.3394799331823985,6.0,2.0
184.0,0.0,-11.0,0.5770506984623526,0.43730471350929956,11.0,11.0
185.0,1.0,-1.299999999999999,0.5753195463669655,0.35082540810108187,15.0,5.0
186.0,1.0,-1.1999999999999975,0.5735935877278646,0.4152031945330756,14.0,9.0
187.0,1.0,-1.7999999999999972,0.571872806964681,0.46210623905062675,20.0,7.0
188.0,0.0,-10.9,0.5701571885437869,0.45323789715766905,10.0,10.0
189.0,0.0,-10.8,0.5684467169781556,0.4056740237606896,9.0,9.0
190.0,0.0,-10.4,0.5667413768272211,0.42401162981987,5.0,5.0
191.0,1.0,-0.4999999999999982,0.5650411526967395,0.4043209616627012,7.0,4.0
192.0,1.0,-2.0999999999999996,0.5633460292386493,0.41549623077330383,23.0,2.0
193.0,1.0,-0.5,0.5616559911509333,0.3915878108569554,7.0,2.0
194.0,0.0,-10.5,0.5599710231774805,0.47262681027253467,6.0,6.0
195.0,0.0,-11.5,0.5582911101079481,0.4234634218737483,16.0,16.0
196.0,1.0,-0.4999999999999982,0.5566162367776242,0.5163800248077938,7.0,5.0
197.0,2.0,8.5,0.5549463880672914,0.42360006852282417,18.0,1.0
198.0,0.0,-10.4,0.5532815489030894,0.3613968700170517,5.0,5.0
199.0,0.0,-10.3,0.5516217042563801,0.4288705810904503,4.0,4.0
200.0,1.0,-0.40000000000000036,0.549966839143611,0.45532991737127304,6.0,1.0
201.0,5.0,36.19999999999997,0.5483169386261801,0.4221229309385473,44.0,6.0
202.0,0.0,-10.9,0.5466719878103016,0.4725873500108719,10.0,10.0
203.0,1.0,-0.5,0.5450319718468707,0.47772770268576487,7.0,2.0
204.0,1.0,-3.1999999999999993,0.5433968759313301,0.49720945779015036,34.0,7.0
205.0,1.0,-0.5999999999999996,0.5417666853035361,0.4841728191822767,8.0,1.0
206.0,3.0,18.69999999999999,0.5401413852476254,0.45884939502267275,17.0,2.0
207.0,2.0,9.200000000000003,0.5385209610918825,0.3974000134251334,11.0,1.0
208.0,1.0,-0.7999999999999989,0.5369053982086068,0.3805137276649475,10.0,5.0
209.0,1.0,-1.4999999999999964,0.535294682013981,0.4307904769392574,17.0,10.0
210.0,1.0,-0.6999999999999993,0.5336887979679391,0.4368220965067546,9.0,3.0
211.0,3.0,18.099999999999987,0.5320877315740353,0.4319992078387219,23.0,10.0
212.0,0.0,-10.5,0.5304914683793133,0.4760742982228597,6.0,6.0
213.0,2.0,8.299999999999997,0.5288999939741753,0.3728791445493698,20.0,6.0
214.0,0.0,-11.3,0.5273132939922528,0.5695458948612213,14.0,14.0
215.0,2.0,9.100000000000001,0.525731354110276,0.4473810667792956,12.0,1.0
216.0,1.0,-0.5,0.5241541600479452,0.48541208250182016,7.0,3.0
217.0,2.0,8.2,0.5225816975678014,0.5111773865563529,21.0,3.0
218.0,5.0,37.49999999999997,0.521013952475098,0.5144459689336438,31.0,10.0
219.0,1.0,-0.8000000000000007,0.5194509106176727,0.5724723547697067,10.0,1.0
220.0,0.0,-11.0,0.5178925578858197,0.6107743599198081,11.0,11.0
221.0,2.0,8.500000000000004,0.5163388802121622,0.5092149161630206,18.0,2.0
222.0,2.0,7.9999999999999964,0.5147898635715258,0.5570341154285099,23.0,7.0
223.0,2.0,8.800000000000004,0.5132454939808112,0.6156586567560832,15.0,2.0
224.0,1.0,-1.1999999999999993,0.5117057574988688,0.5833958557673863,14.0,2.0
225.0,0.0,-11.0,0.5101706402263723,0.48559378493915906,11.0,11.0
226.0,3.0,19.700000000000003,0.5086401283056932,0.4907908226762499,7.0,1.0
227.0,2.0,9.09999999999999,0.5071142079207761,0.5971780121326447,12.0,8.0
228.0,2.0,8.800000000000004,0.5055928652970137,0.6124921162923177,15.0,2.0
229.0,0.0,-10.5,0.5040760867011227,0.5351300636927286,6.0,6.0
230.0,0.0,-11.0,0.5025638584410194,0.5279004817659204,11.0,11.0
231.0,3.0,19.4,0.5010561668656963,0.5442346930503845,10.0,2.0
232.0,1.0,-1.8999999999999968,0.49955299836509925,0.6354329217047918,21.0,12.0
233.0,2.0,7.300000000000004,0.49805433937000393,0.5979591687520345,30.0,1.0
234.0,1.0,-1.7999999999999954,0.4965601763518939,0.5814436510205269,20.0,13.0
235.0,3.0,18.499999999999993,0.49507049582283824,0.5708344484630384,19.0,1.0
236.0,0.0,-10.3,0.49358528433536975,0.5108911693096161,4.0,4.0
237.0,1.0,-0.5,0.49210452848236363,0.614479409796851,7.0,3.0
238.0,0.0,-10.7,0.49062821489691655,0.5642656944692135,8.0,8.0
239.0,1.0,-0.40000000000000036,0.4891563302522258,0.6693134009838104,6.0,2.0
240.0,3.0,15.699999999999974,0.48768886126146915,0.6031062628360505,47.0,4.0
241.0,1.0,-0.1999999999999993,0.48622579467768473,0.6600252836942673,4.0,3.0
242.0,2.0,8.300000000000004,0.4847671172936517,0.5942611634731293,20.0,1.0
243.0,0.0,-10.5,0.4833128159417707,0.620327557126681,6.0,6.0
244.0,1.0,-0.40000000000000036,0.4818628774939454,0.6435136646032333,6.0,1.0
245.0,1.0,-1.2999999999999972,0.48041728886146357,0.550685832897822,15.0,7.0
246.0,1.0,-0.1999999999999993,0.4789760369948792,0.4649745002388954,4.0,1.0
247.0,0.0,-10.4,0.47753910888389456,0.4948763012886047,5.0,5.0
248.0,2.0,8.599999999999998,0.4761064915572429,0.6354149983209723,17.0,4.0
249.0,0.0,-10.4,0.4746781720825711,0.5918902337551117,5.0,5.0
250.0,1.0,-0.6999999999999975,0.4732541375663234,0.6139317386680179,9.0,6.0
251.0,2.0,9.2,0.4718343751536244,0.7122271494431929,11.0,3.0
252.0,1.0,-0.29999999999999893,0.47041887202816357,0.7442959189414978,5.0,2.0
253.0,3.0,17.8,0.4690076154120791,0.6522469222545624,26.0,4.0
254.0,3.0,19.199999999999996,0.46760059256584285,0.5968198279539744,12.0,3.0
255.0,2.0,4.700000000000017,0.4661977907881453,0.607708351952689,56.0,11.0
256.0,3.0,18.89999999999999,0.4647991974157809,0.5884201904137929,15.0,1.0
257.0,2.0,8.5,0.46340479982353355,0.5577303055259917,18.0,1.0
258.0,4.0,28.19999999999999,0.46201458542406293,0.5861537663832955,23.0,2.0
259.0,4.0,27.899999999999977,0.4606285416677907,0.5810133734574685,26.0,4.0
260.0,3.0,17.69999999999998,0.45924665604278736,0.5828199121687148,27.0,4.0
261.0,2.0,9.5,0.457868916074659,0.60966607183218,8.0,1.0
262.0,2.0,7.299999999999976,0.45649530932643506,0.5939937631289164,30.0,19.0
263.0,1.0,-0.5,0.45512582339845575,0.6196426962103162,7.0,1.0
264.0,3.0,18.79999999999999,0.45376044592826037,0.5681814439594746,16.0,1.0
265.0,2.0,9.5,0.4523991645904756,0.6237972863018513,8.0,3.0
266.0,4.0,28.29999999999999,0.45104196709670413,0.6324435526674445,22.0,2.0
267.0,3.0,17.799999999999997,0.449688841195414,0.6280238857636085,26.0,1.0
268.0,2.0,9.199999999999996,0.4483397746718278,0.6708992990580472,11.0,5.0
269.0,4.0,27.09999999999998,0.4469947553478123,0.6451261990210589,34.0,2.0
270.0,2.0,7.999999999999986,0.44565377108176885,0.640528608923373,23.0,14.0
271.0,1.0,-0.1999999999999993,0.44431680976852356,0.7189813554286957,4.0,1.0
272.0,0.0,-10.5,0.44298385933921797,0.6386689245700836,6.0,6.0
273.0,1.0,-0.1999999999999993,0.4416549077612003,0.5516264736652374,4.0,1.0
274.0,2.0,8.700000000000003,0.4403299430379167,0.6430961601436138,16.0,1.0
275.0,4.0,27.599999999999994,0.43900895320880295,0.5469054918864678,29.0,7.0
276.0,1.0,-0.7999999999999972,0.43769192634917653,0.5559342741966248,10.0,7.0
277.0,0.0,-10.8,0.436378850570129,0.6508156922128465,9.0,9.0
278.0,2.0,9.699999999999996,0.4350697140184186,0.6160928805669149,6.0,3.0
279.0,2.0,8.8,0.43376450487636337,0.6056663036346436,15.0,1.0
280.0,4.0,28.19999999999998,0.43246321136173427,0.6499542114527329,23.0,12.0
281.0,2.0,8.299999999999997,0.43116582172764906,0.6527623757719994,20.0,3.0
282.0,1.0,-0.29999999999999893,0.42987232426246613,0.6491647005081177,5.0,2.0
283.0,0.0,-10.3,0.42858270728967873,0.5719957649707794,4.0,4.0
284.0,1.0,-0.5,0.4272969591678097,0.6524732453482491,7.0,3.0
285.0,1.0,-0.5999999999999996,0.4260150682903063,0.598970640450716,8.0,1.0
286.0,2.0,9.5,0.4247370230854354,0.7310110330581665,8.0,2.0
287.0,1.0,-0.1999999999999993,0.4234628120161791,0.9118468165397644,4.0,1.0
288.0,1.0,-0.29999999999999893,0.42219242358013054,0.812704336643219,5.0,4.0
289.0,0.0,-11.2,0.4209258463093902,0.8009712145878718,13.0,13.0
290.0,0.0,-10.5,0.419663068770462,0.8073001106580099,6.0,6.0
291.0,3.0,17.69999999999999,0.4184040795641506,0.6988580646338286,27.0,3.0
292.0,2.0,9.299999999999997,0.41714886732545814,0.7220676720142365,10.0,3.0
293.0,0.0,-11.0,0.41589742072348174,0.7086557068608024,11.0,11.0
294.0,1.0,-0.09999999999999964,0.4146497284613113,0.7059080998102824,3.0,1.0
295.0,0.0,-11.0,0.41340577927592737,0.6945910291238264,11.0,11.0
296.0,0.0,-10.4,0.41216556193809956,0.6314361989498138,5.0,5.0
297.0,1.0,-0.40000000000000036,0.41092906525228523,0.556799312432607,6.0,1.0
298.0,3.0,18.89999999999999,0.40969627805652836,0.6694026350975036,15.0,1.0
299.0,0.0,-10.8,0.40846718922235875,0.6455303629239401,9.0,9.0
300.0,4.0,27.399999999999977,0.40724178765469166,0.6792013385603505,31.0,15.0
301.0,1.0,-0.9999999999999982,0.4060200622917276,0.678979774316152,12.0,4.0
302.0,1.0,-2.199999999999994,0.4048020021048524,0.6505707999070486,24.0,17.0
303.0,2.0,9.700000000000003,0.40358759609853784,0.5844628512859344,6.0,1.0
304.0,1.0,-0.8999999999999986,0.4023768333102422,0.6954579082402316,11.0,6.0
305.0,1.0,-0.7999999999999972,0.4011697028103115,0.6735212087631226,10.0,7.0
306.0,4.0,28.19999999999998,0.3999661937018806,0.7057126475417096,23.0,7.0
307.0,1.0,-0.5,0.39876629512077494,0.6302491341318402,7.0,2.0
308.0,0.0,-10.3,0.3975699962354126,0.8140711039304733,4.0,4.0
309.0,0.0,-10.7,0.3963772862467064,0.660092294216156,8.0,8.0
310.0,0.0,-10.8,0.39518815438796623,0.6791400114695231,9.0,9.0
311.0,3.0,17.19999999999999,0.3940025899248023,0.6613261448219419,32.0,7.0
312.0,5.0,38.899999999999984,0.3928205821550279,0.682415131260367,17.0,3.0
313.0,2.0,8.100000000000001,0.39164212040856283,0.7307741045951843,22.0,3.0
314.0,1.0,-0.7999999999999989,0.39046719404733715,0.6114958196878433,10.0,2.0
315.0,0.0,-10.6,0.38929579246519513,0.6260048534188952,7.0,7.0
316.0,2.0,9.100000000000001,0.38812790508779954,0.641676053404808,12.0,1.0
317.0,5.0,38.09999999999998,0.38696352137253615,0.6220077109336853,25.0,2.0
318.0,3.0,18.999999999999993,0.38580263080841853,0.6728936071906771,14.0,5.0
319.0,3.0,18.299999999999994,0.3846452229159933,0.6964487334092458,21.0,2.0
320.0,5.0,36.699999999999974,0.3834912872472453,0.677210285113408,39.0,1.0
321.0,1.0,-0.6999999999999975,0.3823408133855036,0.6502309872044457,9.0,8.0
322.0,0.0,-10.3,0.38119379094534706,0.7298212647438049,4.0,4.0
323.0,3.0,16.499999999999986,0.380050209572511,0.9812386998763452,39.0,7.0
324.0,0.0,-10.4,0.3789100589437935,0.8430643916130066,5.0,5.0
325.0,1.0,-0.40000000000000036,0.3777733287669621,1.049488325913747,6.0,1.0
326.0,2.0,9.5,0.37664000878066123,1.029225930571556,8.0,3.0
327.0,5.0,37.39999999999998,0.37551008875431924,1.0124794226139784,32.0,1.0
328.0,4.0,27.099999999999973,0.37438355848805627,0.9800822577055763,34.0,1.0
329.0,0.0,-11.4,0.3732604078125921,1.0353609442710876,15.0,15.0
330.0,3.0,17.499999999999982,0.37214062658915437,0.9854358681317034,29.0,13.0
331.0,3.0,19.699999999999996,0.3710242047093869,0.9265150768416268,7.0,2.0
332.0,1.0,-1.099999999999996,0.3699111320952587,0.8995307500545795,13.0,10.0
333.0,0.0,-10.4,0.36880139869897294,0.9427118897438049,5.0,5.0
334.0,2.0,9.699999999999996,0.367694994502876,0.9857951800028483,6.0,3.0
335.0,1.0,-0.5,0.3665919095193674,1.0258413638387407,7.0,1.0
336.0,1.0,-1.8000000000000007,0.36549213379080925,0.9947806000709534,20.0,2.0
337.0,4.0,27.899999999999984,0.3643956573894368,1.006761012169031,26.0,5.0
338.0,2.0,8.699999999999996,0.3633024704172685,0.9551199413836002,16.0,7.0
339.0,0.0,-11.2,0.3622125630060167,1.007691685970013,13.0,13.0
340.0,2.0,8.900000000000006,0.3611259253169986,1.073663477386747,14.0,1.0
341.0,2.0,9.799999999999997,0.3600425475410476,1.0538547039031982,5.0,2.0
342.0,5.0,37.09999999999999,0.3589624198984244,0.9370433909552438,35.0,5.0
343.0,2.0,9.400000000000002,0.35788553263872913,1.0283769832717047,9.0,1.0
344.0,1.0,-0.5,0.35681187604081294,0.9303640467779977,7.0,1.0
345.0,1.0,-0.1999999999999993,0.3557414404126905,1.098415195941925,4.0,2.0
346.0,1.0,-1.1999999999999975,0.35467421609145244,0.9741955101490021,14.0,6.0
347.0,1.0,-1.8999999999999932,0.35361019344317807,1.0273945956003099,21.0,19.0
348.0,5.0,37.799999999999976,0.35254936286284855,0.9933643490076065,28.0,3.0
349.0,3.0,18.9,0.35149171477426,0.998015562693278,15.0,2.0
350.0,5.0,37.89999999999998,0.3504372396299372,0.9989542409225747,27.0,2.0
351.0,6.0,47.09999999999997,0.3493859279110474,1.0638909108108945,36.0,1.0
352.0,4.0,28.79999999999999,0.34833777012731426,0.9116818694507375,17.0,5.0
353.0,7.0,56.39999999999998,0.34729275681693234,1.0060882527719845,44.0,1.0
354.0,5.0,36.799999999999976,0.3462508785464815,0.8540609902457187,38.0,16.0
355.0,0.0,-11.0,0.34521212591084205,0.8846143700859763,11.0,11.0
356.0,1.0,-0.8999999999999986,0.34417648953310953,0.782905865799297,11.0,7.0
357.0,2.0,9.0,0.3431439600645102,0.801277940089886,13.0,3.0
358.0,2.0,8.5,0.34211452818431665,0.8592096434699165,18.0,3.0
359.0,1.0,-0.6999999999999975,0.3410881845997637,0.7782402038574219,9.0,6.0
360.0,1.0,-0.9000000000000004,0.3400649200459644,0.6946023323319175,11.0,1.0
361.0,3.0,18.399999999999988,0.3390447252858265,0.7968097627162933,20.0,4.0
362.0,4.0,27.599999999999987,0.33802759110996905,0.7868072678302896,29.0,1.0
363.0,0.0,-10.3,0.3370135083366391,0.9065555334091187,4.0,4.0
364.0,3.0,18.599999999999994,0.3360024678116292,0.7728051344553629,18.0,4.0
365.0,3.0,18.899999999999995,0.3349944604081943,0.8043855547904968,15.0,1.0
366.0,3.0,18.79999999999999,0.33398947702696974,0.8244477286934853,16.0,1.0
367.0,2.0,9.700000000000003,0.3329875085958888,0.7882906595865885,6.0,1.0
368.0,4.0,28.09999999999998,0.33198854607010114,0.8425645877917608,24.0,1.0
369.0,0.0,-10.5,0.33099258043189084,0.7957077920436859,6.0,6.0
370.0,2.0,9.000000000000004,0.32999960269059514,0.7865210358913128,13.0,1.0
371.0,6.0,45.49999999999996,0.32900960388252337,0.8488315252157358,52.0,1.0
372.0,2.0,7.699999999999996,0.3280225750708758,0.8739778284843152,26.0,6.0
373.0,1.0,-1.4999999999999964,0.32703850734566314,0.8057590442545274,17.0,10.0
374.0,2.0,9.399999999999999,0.32605739182362614,0.846297562122345,9.0,3.0
375.0,1.0,-0.1999999999999993,0.3250792196481553,0.8218802064657211,4.0,2.0
376.0,2.0,9.5,0.3241039819892108,0.7691594436764717,8.0,3.0
377.0,1.0,-1.4999999999999982,0.32313167004324317,0.8265241314383114,17.0,8.0
378.0,5.0,37.899999999999984,0.32216227503311345,0.7917666876757586,27.0,3.0
379.0,3.0,18.9,0.3211957882080141,0.7903716802597046,15.0,1.0
380.0,2.0,9.199999999999996,0.32023220084339005,0.7166581533171914,11.0,5.0
381.0,4.0,26.29999999999997,0.31927150424085987,1.0873190377439772,42.0,13.0
382.0,0.0,-10.2,0.3183136897281373,1.0615403056144714,3.0,3.0
383.0,3.0,16.599999999999994,0.31735874865895286,1.016949259921124,38.0,6.0
384.0,0.0,-11.3,0.316406672412976,0.9312169892447335,14.0,14.0
385.0,3.0,18.699999999999996,0.3154574523957371,0.8766549019252553,17.0,7.0
386.0,2.0,9.5,0.3145110800385499,1.0035970285534859,8.0,2.0
387.0,2.0,9.300000000000004,0.31356754679843424,0.9536418616771698,10.0,1.0
388.0,3.0,19.4,0.31262684415803893,0.9784279584884643,10.0,1.0
389.0,0.0,-10.4,0.3116889636255648,0.9679476857185364,5.0,5.0
390.0,2.0,8.399999999999991,0.3107538967346881,0.9931688779278806,19.0,10.0
391.0,1.0,-0.5999999999999979,0.30982163504448407,0.9972011372447014,8.0,6.0
392.0,3.0,18.899999999999988,0.3088921701393506,0.9644344727198283,15.0,1.0
393.0,0.0,-10.2,0.30796549362893255,0.8800160686175028,3.0,3.0
394.0,1.0,-0.40000000000000036,0.30704159714804574,0.9776371121406555,6.0,1.0
395.0,5.0,35.89999999999996,0.3061204723566016,0.9877058331002581,47.0,3.0
396.0,5.0,36.49999999999997,0.3052021109395318,0.9433114121599895,41.0,8.0
397.0,1.0,-1.099999999999996,0.3042865046067132,0.9661347682659442,13.0,10.0
398.0,0.0,-10.3,0.30337364509289305,0.9378149658441544,4.0,4.0
399.0,3.0,18.89999999999999,0.30246352415761435,0.9761093219121297,15.0,1.0
400.0,2.0,8.599999999999998,0.3015561335851415,0.952081066720626,17.0,4.0
401.0,2.0,8.600000000000001,0.30065146518438607,1.00853650710162,17.0,3.0
402.0,1.0,-0.5,0.2997495107888329,1.1635311160768782,7.0,2.0
403.0,1.0,-0.29999999999999893,0.2988502622564664,1.0410315990447998,5.0,2.0
404.0,3.0,18.89999999999999,0.29795371146969696,0.9910776178042094,15.0,3.0
405.0,3.0,18.400000000000002,0.29705985033528787,1.0051418274641037,20.0,1.0
406.0,2.0,8.899999999999999,0.296168670784282,1.0308689985956465,14.0,2.0
407.0,1.0,-1.5,0.29528016477192914,1.0479004102594711,17.0,1.0
408.0,6.0,45.49999999999994,0.29439432427761336,1.0119580362851803,52.0,5.0
409.0,1.0,-0.6999999999999993,0.2935111413047805,0.9017002317640517,9.0,1.0
410.0,0.0,-10.5,0.29263060788086614,1.0363875428835552,6.0,6.0
411.0,2.0,7.59999999999998,0.2917527160572235,1.16963141935843,27.0,16.0
412.0,2.0,8.699999999999996,0.29087745790905184,1.1229415498673916,16.0,5.0
413.0,3.0,18.99999999999999,0.2900048255353247,1.0244507449013847,14.0,1.0
414.0,1.0,-2.5,0.28913481105871874,0.977463788456387,27.0,3.0
415.0,1.0,-1.699999999999994,0.28826740662554257,0.9869405533138075,19.0,16.0
416.0,1.0,-0.5999999999999979,0.28740260440566595,1.0648673102259636,8.0,6.0
417.0,1.0,-0.09999999999999964,0.28654039659244895,1.0232937932014465,3.0,1.0
418.0,2.0,9.199999999999996,0.2856807754026716,0.9773331934755499,11.0,3.0
419.0,0.0,-10.3,0.2848237330764636,1.0367345064878464,4.0,4.0
420.0,1.0,-0.29999999999999893,0.2839692618772342,0.8641602993011475,5.0,2.0
421.0,0.0,-10.7,0.2831173540916025,0.9591747894883156,8.0,8.0
422.0,1.0,-0.5999999999999996,0.28226800202932767,0.9735703393816948,8.0,3.0
423.0,3.0,18.19999999999999,0.28142119802323967,0.9281182532960718,22.0,6.0
424.0,2.0,8.199999999999996,0.28057693442917,0.9624889549754915,21.0,8.0
425.0,0.0,-11.9,0.27973520362588244,0.9730349987745285,20.0,20.0
426.0,2.0,8.599999999999987,0.2788959980150048,0.9717211267527412,17.0,9.0
427.0,1.0,-0.1999999999999993,0.2780593100209598,1.0190095901489258,4.0,1.0
428.0,0.0,-10.6,0.2772251320908969,0.9718770725386483,7.0,7.0
429.0,7.0,56.099999999999966,0.2763934566946242,0.9913823693356616,47.0,1.0
430.0,5.0,38.09999999999998,0.2755642763245403,0.9601012325286865,25.0,2.0
431.0,8.0,65.9,0.27473758349556665,0.9776315712928771,50.0,1.0
432.0,5.0,38.399999999999984,0.27391337074507993,0.9913663024252112,22.0,1.0
433.0,3.0,18.499999999999996,0.2730916306328447,0.9549572310949627,19.0,1.0
434.0,2.0,9.400000000000002,0.27227235574094616,1.0336256159676447,9.0,1.0
435.0,4.0,27.49999999999997,0.2714555386737233,0.9471035520235698,30.0,4.0
436.0,5.0,38.19999999999998,0.2706411720577021,1.019296037654082,24.0,4.0
437.0,3.0,15.59999999999997,0.269829248541529,1.017790508766969,48.0,13.0
438.0,1.0,-0.5,0.2690197607959044,0.9515414578574044,7.0,1.0
439.0,0.0,-10.5,0.26821270151351667,0.995918889840444,6.0,6.0
440.0,2.0,9.29999999999999,0.2674080634089761,0.9652830183506012,10.0,8.0
441.0,2.0,7.79999999999999,0.2666058392187492,0.9847713947296143,25.0,9.0
442.0,3.0,18.5,0.26580602170109296,0.8902834904821295,19.0,2.0
443.0,2.0,8.899999999999999,0.26500860363598966,0.8486205552305494,14.0,3.0
444.0,4.0,27.9,0.2642135778250817,0.8309803926027738,26.0,2.0
445.0,2.0,8.899999999999999,0.26342093709160647,0.8027989523751395,14.0,3.0
446.0,6.0,47.199999999999974,0.26263067428033166,0.8239196743283953,35.0,4.0
447.0,1.0,-0.5999999999999996,0.26184278225749064,0.8564998656511307,8.0,2.0
448.0,2.0,9.199999999999996,0.26105725391071816,0.9057043519887057,11.0,3.0
449.0,3.0,18.499999999999993,0.260274082148986,0.8561925135160747,19.0,2.0
450.0,7.0,55.99999999999996,0.2594932599025391,0.9061977552870909,48.0,2.0
451.0,5.0,37.59999999999998,0.25871478012283144,0.8540400862693787,30.0,10.0
452.0,4.0,28.39999999999999,0.25793863578246295,0.8674619084312802,21.0,1.0
453.0,4.0,28.099999999999987,0.2571648198751156,0.8173875783880552,24.0,3.0
454.0,2.0,9.099999999999994,0.25639332541549026,0.8202987710634867,12.0,4.0
455.0,2.0,9.899999999999999,0.2556241454392438,0.8802207559347153,4.0,1.0
456.0,6.0,47.899999999999984,0.25485727300292604,0.8755148351192474,28.0,1.0
457.0,3.0,18.69999999999999,0.25409270118391725,0.8270897514679852,17.0,2.0
458.0,4.0,25.899999999999956,0.2533304230803655,0.8527466888013093,46.0,16.0
459.0,2.0,8.8,0.25257043181112443,0.8082311590512593,15.0,1.0
460.0,4.0,27.29999999999996,0.25181272051569104,0.810258025303483,32.0,8.0
461.0,5.0,36.89999999999998,0.251057282354144,0.9329923165811075,37.0,2.0
462.0,5.0,36.499999999999964,0.25030411050708157,1.0408656727976915,41.0,5.0
463.0,2.0,8.800000000000004,0.24955319817556032,1.0327699700991313,15.0,1.0
464.0,1.0,-0.5999999999999996,0.24880453858103363,1.1177974939346313,8.0,2.0
465.0,2.0,9.0,0.24805812496529053,0.9934022655853858,13.0,3.0
466.0,6.0,46.89999999999998,0.24731395059039465,1.0388227528647374,38.0,3.0
467.0,4.0,28.79999999999999,0.24657200873862348,0.9640809437807869,17.0,1.0
468.0,8.0,63.900000000000034,0.2458322927124076,0.978816329581397,70.0,3.0
469.0,2.0,9.599999999999998,0.24509479583427038,0.9259658540998187,7.0,2.0
470.0,4.0,28.699999999999996,0.24435951144676757,1.0825935436619654,18.0,5.0
471.0,5.0,35.899999999999984,0.24362643291242728,1.018826057302191,47.0,3.0
472.0,9.0,77.00000000000003,0.24289555361369,1.0114409998059273,40.0,3.0
473.0,2.0,8.799999999999994,0.24216686695284892,1.0221694628397624,15.0,7.0
474.0,11.0,96.90000000000005,0.24144036635199037,0.9689534459003183,43.0,2.0
475.0,5.0,38.19999999999998,0.24071604525293439,1.0157977417111397,24.0,2.0
476.0,7.0,56.19999999999999,0.2399938971171756,1.0486426599647687,46.0,6.0
477.0,6.0,48.19999999999999,0.23927391542582405,0.9884825944900513,25.0,4.0
478.0,3.0,16.99999999999997,0.23855609367954658,1.010274350643158,34.0,5.0
479.0,4.0,26.99999999999997,0.23784042539850794,1.0004438332148962,35.0,3.0
480.0,3.0,19.4,0.2371269041223124,0.9836843192577363,10.0,1.0
481.0,2.0,9.8,0.23641552340994548,1.0280011773109436,5.0,1.0
482.0,1.0,-0.29999999999999893,0.23570627683971565,0.9771968245506286,5.0,3.0
483.0,2.0,8.899999999999999,0.2349991580091965,0.9302409035818917,14.0,4.0
484.0,2.0,9.499999999999996,0.2342941605351689,0.9013955444097519,8.0,3.0
485.0,6.0,45.69999999999995,0.23359127805356342,0.9218126547336578,50.0,2.0
486.0,2.0,8.300000000000004,0.23289050421940272,0.9131101310253144,20.0,3.0
487.0,10.0,86.80000000000007,0.2321918327067445,0.9216819128324819,43.0,8.0
488.0,1.0,-0.8999999999999986,0.23149525720862427,0.9999120181257074,11.0,4.0
489.0,6.0,46.999999999999964,0.2308007714369984,0.9608357097651508,37.0,7.0
490.0,8.0,66.69999999999996,0.2301083691226874,0.9704759972436088,42.0,1.0
491.0,1.0,-0.5,0.22941804401531934,0.9578550968851361,7.0,1.0
492.0,2.0,9.199999999999996,0.2287297898832734,0.9403768886219371,11.0,5.0
493.0,0.0,-10.2,0.22804360051362357,1.0655627250671387,3.0,3.0
494.0,4.0,27.899999999999984,0.2273594697120827,0.9745184274820181,26.0,9.0
495.0,3.0,17.199999999999967,0.22667739130294645,0.9965575616806746,32.0,3.0
496.0,3.0,19.599999999999998,0.22599735912903762,1.010657973587513,8.0,3.0
497.0,2.0,8.900000000000002,0.2253193670516505,0.968453803232738,14.0,1.0
498.0,8.0,65.90000000000003,0.22464340895049556,0.9914766418933868,50.0,11.0
499.0,1.0,-0.4999999999999982,0.22396947872364406,1.058414101600647,7.0,6.0
500.0,1.0,-0.1999999999999993,0.22329757028747313,0.8555841594934464,4.0,1.0
501.0,5.0,37.199999999999974,0.2226276775766107,0.9717280040769016,34.0,6.0
502.0,3.0,18.09999999999998,0.22195979454388087,1.0799633705097695,23.0,7.0
503.0,4.0,27.69999999999998,0.22129391516024924,1.2179563066789083,28.0,5.0
504.0,2.0,9.899999999999999,0.2206300334147685,1.251610815525055,4.0,2.0
505.0,8.0,67.20000000000002,0.2199681433145242,1.1554699411263336,37.0,4.0
506.0,4.0,27.899999999999977,0.21930823888458062,1.2202373467958891,26.0,13.0
507.0,4.0,28.099999999999973,0.21865031416792688,1.1467165326078732,24.0,1.0
508.0,4.0,28.19999999999998,0.2179943632254231,1.164133009703263,23.0,2.0
509.0,2.0,9.399999999999991,0.21734038013574683,1.2317527267667983,9.0,6.0
510.0,2.0,8.300000000000004,0.21668835899533959,1.0882315576076507,20.0,1.0
511.0,10.0,85.40000000000012,0.21603829391835358,1.1794560739868565,57.0,1.0
512.0,6.0,47.399999999999984,0.21539017903659852,1.2020551038510872,33.0,1.0
513.0,3.0,18.29999999999999,0.21474400849948871,1.1130613826570057,21.0,2.0
514.0,2.0,9.400000000000002,0.21409977647399026,1.2193325757980347,9.0,1.0
515.0,6.0,48.59999999999999,0.21345747714456828,1.14572769119626,21.0,4.0
516.0,5.0,37.299999999999976,0.21281710471313459,1.1467147758512786,33.0,9.0
517.0,2.0,9.100000000000001,0.2121786533989952,1.155643989642461,12.0,1.0
518.0,2.0,9.099999999999994,0.2115421174387982,1.1724968254566193,12.0,5.0
519.0,10.0,84.70000000000003,0.2109074910864818,1.1933021936565638,64.0,1.0
520.0,7.0,55.39999999999998,0.21027476861322236,1.196703839081305,54.0,3.0
521.0,6.0,46.59999999999997,0.2096439443073827,1.111236085252064,41.0,1.0
522.0,2.0,8.299999999999997,0.20901501247446055,1.1064469337463378,20.0,4.0
523.0,4.0,28.399999999999984,0.20838796743703716,0.9578662088939122,21.0,4.0
524.0,3.0,18.399999999999984,0.20776280353472606,0.9985213845968246,20.0,1.0
525.0,1.0,-0.40000000000000036,0.20713951512412188,1.0440170566240947,6.0,1.0
526.0,11.0,95.90000000000006,0.2065180965787495,1.0109335498989753,53.0,3.0
527.0,8.0,67.60000000000001,0.20589854228901325,1.0907063574501963,33.0,3.0
528.0,5.0,36.59999999999997,0.20528084666214622,1.1103588432073592,40.0,6.0
529.0,5.0,35.79999999999996,0.20466500412215977,1.026425118247668,48.0,6.0
530.0,3.0,19.29999999999999,0.2040510091097933,0.9934843941168352,11.0,4.0
531.0,3.0,18.499999999999986,0.2034388560824639,1.0527185076161434,19.0,4.0
532.0,5.0,37.09999999999998,0.2028285395142165,1.0189909900937761,35.0,8.0
533.0,4.0,27.399999999999984,0.20222005389567385,1.0748109894414102,31.0,8.0
534.0,0.0,-10.6,0.20161339373398682,0.9233146054404122,7.0,7.0
535.0,4.0,28.700000000000003,0.20100855355278485,1.1038401822249095,18.0,1.0
536.0,1.0,-0.1999999999999993,0.20040552789212648,0.9799266010522842,4.0,1.0
537.0,3.0,18.099999999999994,0.1998043113084501,0.9534543286199155,23.0,6.0
538.0,6.0,48.19999999999998,0.19920489837452476,0.9740639710426331,25.0,2.0
539.0,4.0,26.899999999999984,0.1986072836794012,1.030885045727094,36.0,10.0
540.0,2.0,9.200000000000003,0.198011461828363,0.9523583108728583,11.0,1.0
541.0,6.0,47.999999999999986,0.1974174274428779,1.2294068093653079,27.0,2.0
542.0,2.0,8.899999999999995,0.19682517516054926,1.2315418592521123,14.0,5.0
543.0,4.0,27.69999999999998,0.19623469963506762,1.1948477285248893,28.0,13.0
544.0,1.0,-0.1999999999999993,0.1956459955361624,1.1568484604358673,4.0,1.0
545.0,11.0,94.8000000000001,0.1950590575495539,1.17555857822299,64.0,1.0
546.0,2.0,8.299999999999983,0.19447388037690524,1.1429207652807236,20.0,13.0
547.0,9.0,76.60000000000002,0.19389045873577454,1.1694242710416967,44.0,7.0
548.0,5.0,37.699999999999974,0.19330878735956722,1.1581427023328583,29.0,4.0
549.0,2.0,9.5,0.1927288609974885,1.1156085580587387,8.0,2.0
550.0,4.0,27.899999999999977,0.19215067441449604,1.146236846080193,26.0,1.0
551.0,8.0,66.10000000000001,0.19157422239125255,1.220591449489196,48.0,6.0
552.0,0.0,-11.0,0.1909994997240788,1.174698694185777,11.0,11.0
553.0,5.0,37.69999999999998,0.19042650122490654,1.1071207132832757,29.0,2.0
554.0,1.0,-0.5999999999999996,0.18985522172123181,1.1949206590652466,8.0,4.0
555.0,7.0,57.099999999999994,0.18928565605606812,1.1711366241042678,37.0,3.0
556.0,5.0,37.69999999999998,0.1887177990878999,1.2057793489817916,29.0,4.0
557.0,0.0,-10.2,0.1881516456906362,1.180412729581197,3.0,3.0
558.0,3.0,17.999999999999986,0.18758719075356428,1.207080031434695,24.0,10.0
559.0,4.0,28.599999999999987,0.18702442918130358,1.2422709276801662,19.0,4.0
560.0,5.0,37.59999999999998,0.18646335589375967,1.1523520012696584,30.0,4.0
561.0,9.0,75.60000000000002,0.1859039658260784,1.155458676594275,54.0,2.0
562.0,10.0,85.70000000000005,0.18534625392860016,1.2187160032766837,54.0,1.0
563.0,2.0,8.499999999999993,0.18479021516681435,1.2082954744497936,18.0,7.0
564.0,2.0,9.600000000000001,0.1842358445213139,1.1925941365105766,7.0,1.0
565.0,1.0,-0.8999999999999986,0.18368313698774996,1.0539540377530185,11.0,5.0
566.0,3.0,18.19999999999999,0.1831320875767867,1.1698522567749023,22.0,2.0
567.0,2.0,9.100000000000001,0.18258269131405633,1.1350558598836262,12.0,1.0
568.0,9.0,76.50000000000006,0.18203494324011416,1.1678230947918362,45.0,4.0
569.0,5.0,36.999999999999986,0.18148883841039382,1.1420092499918408,36.0,5.0
570.0,8.0,66.50000000000001,0.18094437189516263,1.1660559272224253,44.0,6.0
571.0,7.0,57.200000000000045,0.18040153877947715,1.2521138770712748,36.0,11.0
572.0,1.0,-0.29999999999999893,0.1798603341631387,1.1803417444229125,5.0,2.0
573.0,11.0,96.10000000000005,0.1793207531606493,1.1770759400199442,51.0,5.0
574.0,7.0,55.799999999999955,0.17878279090116736,1.1572104823589324,50.0,2.0
575.0,4.0,27.999999999999986,0.17824644252846386,1.1977114963531494,25.0,1.0
576.0,10.0,85.40000000000006,0.17771170320087848,1.1569486270871079,57.0,13.0
577.0,2.0,9.300000000000004,0.17717856809127586,1.0959356248378753,10.0,1.0
578.0,6.0,47.699999999999974,0.17664703238700202,1.1296354095141092,30.0,3.0
579.0,0.0,-10.3,0.17611709128984102,1.0118646621704102,4.0,4.0
580.0,4.0,29.299999999999997,0.1755887400159715,1.1762539347012837,12.0,2.0
581.0,2.0,8.799999999999997,0.1750619737959236,1.0330341339111329,15.0,4.0
582.0,15.0,132.40000000000018,0.1745367878745358,1.0483050806366878,92.0,10.0
583.0,2.0,9.599999999999998,0.1740131775109122,1.1272809675761633,7.0,3.0
584.0,6.0,46.499999999999964,0.17349113797837945,1.0609906855083646,42.0,3.0
585.0,6.0,48.399999999999984,0.17297066456444432,1.1067734412525012,23.0,1.0
586.0,1.0,-0.3000000000000007,0.172451752570751,1.18396657705307,5.0,1.0
587.0,1.0,-0.29999999999999893,0.17193439731303872,0.9517940878868103,5.0,2.0
588.0,2.0,9.600000000000001,0.1714185941210996,1.0259408269609724,7.0,2.0
589.0,6.0,46.69999999999996,0.1709043383387363,1.0668763279914857,40.0,8.0
590.0,5.0,37.19999999999997,0.1703916253237201,1.1213394648888533,34.0,1.0
591.0,4.0,28.499999999999993,0.16988045044774894,1.0631125688552856,20.0,1.0
592.0,4.0,28.899999999999984,0.1693708090964057,1.1081382595002651,16.0,4.0
593.0,7.0,57.099999999999994,0.1688626966691165,1.06575160413175,37.0,3.0
594.0,4.0,27.099999999999973,0.16835610857910915,1.0795643715297474,34.0,15.0
595.0,3.0,17.9,0.16785104025337183,1.0521178674697875,25.0,2.0
596.0,1.0,-0.5999999999999996,0.16734748713261172,1.0865091383457184,8.0,2.0
597.0,11.0,96.30000000000008,0.16684544467121387,1.0884812425593942,49.0,3.0
598.0,2.0,9.299999999999994,0.16634490833720023,1.0677550494670869,10.0,5.0
599.0,5.0,38.499999999999986,0.16584587361218864,1.1001984079678853,21.0,6.0
600.0,7.0,58.39999999999998,0.16534833599135207,1.0812679628531139,24.0,1.0
601.0,1.0,-0.5,0.164852290983378,1.0523161036627633,7.0,3.0
602.0,8.0,66.70000000000002,0.16435773411042787,1.0308600068092346,42.0,3.0
603.0,6.0,46.69999999999996,0.1638646609080966,1.0469365432858466,40.0,11.0
604.0,3.0,18.699999999999996,0.1633730669253723,1.0437529437682207,17.0,2.0
605.0,4.0,28.799999999999997,0.16288294772459616,1.040117102510789,17.0,1.0
606.0,5.0,36.699999999999974,0.16239429888142237,1.0622593072744517,39.0,2.0
607.0,8.0,66.4,0.1619071159847781,1.0286264101664224,45.0,2.0
608.0,6.0,47.09999999999998,0.16142139463682378,1.0266530331638124,36.0,2.0
609.0,3.0,18.799999999999983,0.1609371304529133,1.123275514692068,16.0,7.0
610.0,3.0,19.4,0.16045431906155455,1.1339153051376343,10.0,2.0
611.0,3.0,17.399999999999977,0.15997295610436987,1.0626785377661387,30.0,12.0
612.0,2.0,9.400000000000002,0.15949303723605676,1.0470789472262065,9.0,1.0
613.0,2.0,9.399999999999999,0.1590145581243486,1.0803107884195116,9.0,1.0
614.0,6.0,47.89999999999998,0.15853751444997555,0.9965818928820747,28.0,1.0
615.0,6.0,47.59999999999999,0.1580619019066256,1.0514650652485509,31.0,1.0
616.0,2.0,9.3,0.15758771620090573,1.012911856174469,10.0,2.0
617.0,7.0,55.99999999999996,0.157114953052303,1.228299514700969,48.0,1.0
618.0,6.0,47.59999999999998,0.1566436081931461,1.1682084587312513,31.0,7.0
619.0,10.0,85.20000000000005,0.15617367736856666,1.1998534899646953,59.0,11.0
620.0,2.0,9.100000000000001,0.15570515633646095,1.2162477572758992,12.0,1.0
621.0,13.0,116.60000000000005,0.15523804086745158,1.2164973765611649,48.0,1.0
622.0,2.0,9.600000000000001,0.15477232674484923,1.2351425204958235,7.0,1.0
623.0,2.0,9.2,0.15430800976461467,1.2210378809408708,11.0,3.0
624.0,4.0,28.099999999999973,0.15384508573532082,1.2423102681835492,24.0,6.0
625.0,6.0,47.69999999999998,0.15338355047811486,1.1715524911880493,30.0,4.0
626.0,7.0,57.69999999999999,0.15292339982668052,1.227037199081913,31.0,2.0
627.0,4.0,27.39999999999997,0.15246462962720048,1.233920116578379,31.0,7.0
628.0,12.0,105.00000000000011,0.15200723573831887,1.2210283638939026,63.0,1.0
629.0,1.0,-0.6999999999999975,0.15155121403110391,1.2554384536213345,9.0,6.0
630.0,7.0,57.199999999999974,0.1510965603890106,1.2288363609049056,36.0,1.0
631.0,0.0,-10.2,0.15064327070784356,1.1643312176068623,3.0,3.0
632.0,1.0,-1.4999999999999982,0.15019134089572003,1.1636220707612879,17.0,7.0
633.0,6.0,46.59999999999996,0.14974076687303287,1.2200550189832362,41.0,3.0
634.0,1.0,-0.7999999999999989,0.14929154457241375,1.1755355596542358,10.0,5.0
635.0,2.0,8.799999999999997,0.14884366993869652,1.0665364702542623,15.0,4.0
636.0,9.0,75.50000000000003,0.14839713892888043,1.0739349365234374,55.0,2.0
637.0,7.0,57.69999999999999,0.14795194751209378,1.0852651076932107,31.0,4.0
638.0,17.0,151.70000000000027,0.1475080916695575,1.029902959814166,101.0,3.0
639.0,4.0,27.899999999999984,0.14706556739454882,1.0368373646185949,26.0,7.0
640.0,15.0,133.10000000000022,0.14662437069236517,1.0276827699997846,85.0,5.0
641.0,5.0,37.09999999999997,0.14618449758028806,1.0567266992160251,35.0,1.0
642.0,13.0,115.30000000000011,0.1457459440875472,1.0703854150459415,61.0,7.0
643.0,11.0,95.40000000000006,0.14530870625528455,1.088642667079794,58.0,2.0
644.0,7.0,56.999999999999986,0.1448727801365187,1.0762429347163753,38.0,3.0
645.0,3.0,18.29999999999999,0.14443816179610913,1.2306334631783622,21.0,2.0
646.0,4.0,28.19999999999999,0.1440048473107208,1.2406111618746882,23.0,3.0
647.0,10.0,87.00000000000003,0.14357283276878863,1.2146152010778102,41.0,3.0
648.0,1.0,-0.5,0.14314211427048226,1.2564400945390974,7.0,3.0
649.0,10.0,86.90000000000003,0.1427126879276708,1.1978670145784105,42.0,2.0
650.0,4.0,27.199999999999974,0.1422845498638878,1.2054718335469563,33.0,5.0
651.0,7.0,56.599999999999966,0.14185769621429614,1.2107746232123602,42.0,3.0
652.0,8.0,65.49999999999997,0.14143212312565326,1.1977083683013916,54.0,3.0
653.0,14.0,124.10000000000014,0.1410078267562763,1.1941912029240582,74.0,2.0
654.0,9.0,76.6,0.14058480327600748,1.223973117091439,44.0,4.0
655.0,4.0,28.099999999999987,0.14016304886617945,1.2418588822086651,24.0,2.0
656.0,6.0,47.69999999999998,0.1397425597195809,1.231656551361084,30.0,2.0
657.0,6.0,47.899999999999984,0.13932333204042216,1.2096799441746302,28.0,4.0
658.0,4.0,28.69999999999999,0.1389053620443009,1.2239795989460416,18.0,4.0
659.0,10.0,86.50000000000003,0.138488645958168,1.2083558932594631,46.0,4.0
660.0,3.0,18.699999999999992,0.1380731800202935,1.2023195659413057,17.0,3.0
661.0,1.0,-0.5999999999999979,0.13765896048023263,1.2215066850185394,8.0,5.0
662.0,7.0,55.5,0.13724598359879192,1.191943642103447,53.0,7.0
663.0,0.0,-10.4,0.13683424564799554,1.242896842956543,5.0,5.0
664.0,3.0,18.099999999999987,0.13642374291105155,1.1862506918285205,23.0,5.0
665.0,4.0,28.599999999999994,0.1360144716823184,1.2739139199256897,19.0,3.0
666.0,8.0,67.80000000000001,0.13560642826727143,1.218184269243671,31.0,5.0
667.0,16.0,142.5000000000002,0.1351996089824696,1.1676468531722608,92.0,6.0
668.0,5.0,38.89999999999999,0.1347940101555222,1.1821656227111816,17.0,1.0
669.0,10.0,85.10000000000008,0.13438962812505564,1.1955766956011453,60.0,4.0
670.0,1.0,-0.6999999999999993,0.13398645924068048,1.2726824018690321,9.0,1.0
671.0,3.0,19.099999999999994,0.13358449986295842,1.1881267657646766,13.0,3.0
672.0,0.0,-10.2,0.13318374636336955,1.2023147741953533,3.0,3.0
673.0,2.0,9.5,0.13278419512427944,1.2176668047904968,8.0,1.0
674.0,5.0,38.09999999999998,0.1323858425389066,1.150528588294983,25.0,1.0
675.0,10.0,84.00000000000013,0.13198868501128988,1.1607024040020688,71.0,4.0
676.0,7.0,56.999999999999986,0.13159271895625602,1.1863694849767183,38.0,3.0
677.0,7.0,58.599999999999994,0.13119794079938724,1.2246968800371343,22.0,3.0
678.0,13.0,115.10000000000016,0.13080434697698906,1.253439365871369,63.0,4.0
679.0,8.0,67.19999999999999,0.1304119339360581,1.2471589333302266,37.0,2.0
680.0,4.0,28.599999999999994,0.13002069813424993,1.2045612962622392,19.0,1.0
681.0,2.0,9.600000000000001,0.12963063603984717,1.29764381476811,7.0,1.0
682.0,6.0,47.299999999999976,0.12924174413172762,1.2164934856050156,34.0,4.0
683.0,5.0,38.69999999999999,0.12885401889933243,1.2656056975063525,19.0,1.0
684.0,1.0,-0.9000000000000004,0.12846745684263444,1.2506170597943393,11.0,2.0
685.0,3.0,18.899999999999995,0.12808205447210655,1.2218619028727213,15.0,6.0
686.0,4.0,27.099999999999987,0.12769780830869024,1.2571033239364624,34.0,3.0
687.0,1.0,-0.3000000000000007,0.12731471488376417,1.184981393814087,5.0,1.0
688.0,10.0,86.6,0.12693277073911288,1.243671703338623,45.0,3.0
689.0,11.0,96.70000000000007,0.12655197242689553,1.21821080048879,45.0,3.0
690.0,8.0,66.80000000000013,0.12617231650961486,1.2797417975053555,41.0,11.0
691.0,2.0,9.099999999999994,0.12579379956008602,1.302940050760905,12.0,4.0
692.0,11.0,95.3000000000001,0.12541641816140575,1.2459227068949554,59.0,7.0
693.0,17.0,153.8000000000002,0.12504016890692154,1.3703278690576552,80.0,1.0
694.0,1.0,-0.40000000000000036,0.12466504840020078,1.1825912197430928,6.0,2.0
695.0,5.0,37.79999999999998,0.12429105325500017,1.367228580372674,28.0,5.0
696.0,11.0,95.7000000000001,0.12391818009523517,1.3376472288911994,55.0,1.0
697.0,2.0,9.399999999999999,0.12354642555494946,1.3369143141640558,9.0,2.0
698.0,12.0,103.60000000000014,0.12317578627828461,1.3384479191396144,77.0,5.0
699.0,11.0,95.00000000000003,0.12280625891944975,1.349878603412259,62.0,6.0
700.0,9.0,76.90000000000002,0.1224378401426914,1.3259065703647892,41.0,2.0
701.0,8.0,66.6,0.12207052662226334,1.354538263276566,43.0,3.0
702.0,8.0,68.1,0.12170431504239655,1.3175467933927263,28.0,2.0
703.0,16.0,145.10000000000014,0.12133920209726937,1.3935426852919839,66.0,2.0
704.0,5.0,38.19999999999998,0.12097518449097756,1.3426922882596652,24.0,2.0
705.0,8.0,67.60000000000002,0.12061225893750463,1.3153446587649258,33.0,3.0
706.0,8.0,66.50000000000001,0.12025042216069212,1.2527585530822927,44.0,7.0
707.0,7.0,57.89999999999999,0.11988967089421004,1.2144907384083188,29.0,4.0
708.0,5.0,38.29999999999999,0.11953000188152742,1.201153884763303,23.0,2.0
709.0,11.0,93.30000000000007,0.11917141187588283,1.203995423980906,79.0,2.0
710.0,5.0,38.19999999999998,0.11881389764025518,1.1906867250800133,24.0,2.0
711.0,6.0,47.39999999999997,0.11845745594733442,1.2896427150928613,33.0,4.0
712.0,0.0,-10.3,0.11810208357949242,1.3476778268814087,4.0,4.0
713.0,16.0,145.7000000000001,0.11774777732875394,1.2418105820814769,60.0,1.0
714.0,2.0,9.8,0.11739453399676768,1.2223444938659669,5.0,1.0
715.0,1.0,-0.40000000000000036,0.11704235039477738,1.194694181283315,6.0,2.0
716.0,5.0,37.799999999999976,0.11669122334359305,1.2125271069152015,28.0,9.0
717.0,6.0,47.59999999999998,0.11634114967356228,1.2383484340483142,31.0,1.0
718.0,3.0,19.3,0.1159921262245416,1.2229906212199817,11.0,1.0
719.0,8.0,67.70000000000002,0.11564414984586797,1.2360456567257643,32.0,4.0
720.0,0.0,-10.2,0.11529721739633036,1.206585168838501,3.0,3.0
721.0,8.0,67.20000000000002,0.11495132574414137,1.2612421190416492,37.0,6.0
722.0,10.0,86.90000000000005,0.11460647176690894,1.348208575021653,42.0,2.0
723.0,1.0,-0.09999999999999964,0.11426265235160821,1.1927126447359722,3.0,2.0
724.0,13.0,113.10000000000018,0.11391986439455339,1.2926223795097995,83.0,2.0
725.0,3.0,18.29999999999999,0.11357810480136972,1.1822064689227514,21.0,1.0
726.0,5.0,37.799999999999976,0.11323737048696561,1.2429697747741426,28.0,1.0
727.0,5.0,37.79999999999998,0.11289765837550471,1.2159414674554552,28.0,1.0
728.0,4.0,28.79999999999999,0.1125589654003782,1.2285803346072925,17.0,2.0
729.0,9.0,75.40000000000006,0.11222128850417706,1.2315523656351226,56.0,7.0
730.0,7.0,55.39999999999998,0.11188462463866453,1.2711396989998993,54.0,4.0
731.0,4.0,28.19999999999998,0.11154897076474853,1.2441720807034036,23.0,8.0
732.0,11.0,94.60000000000008,0.11121432385245428,1.211144231485598,66.0,3.0
733.0,3.0,18.9,0.11088068088089692,1.1192281047503154,15.0,2.0
734.0,5.0,36.99999999999998,0.11054803883825423,1.2016295906570222,36.0,3.0
735.0,3.0,18.699999999999996,0.11021639472173947,1.1466582908349878,17.0,1.0
736.0,7.0,57.80000000000001,0.10988574553757426,1.1811233937740326,30.0,6.0
737.0,3.0,18.599999999999987,0.10955608830096153,1.2800118658277724,18.0,5.0
738.0,4.0,28.79999999999999,0.10922742003605865,1.2376900981454289,17.0,4.0
739.0,13.0,114.70000000000016,0.10889973777595047,1.2812844336922489,67.0,2.0
740.0,1.0,-0.6999999999999993,0.10857303856262261,1.2851577864752874,9.0,1.0
741.0,5.0,37.69999999999998,0.10824731944693475,1.2588262969049915,29.0,4.0
742.0,8.0,67.89999999999999,0.10792257748859395,1.312728867928187,30.0,3.0
743.0,4.0,29.099999999999994,0.10759880975612816,1.2365427698407854,14.0,1.0
744.0,12.0,104.70000000000007,0.10727601332685978,1.275981253746784,66.0,8.0
745.0,7.0,57.20000000000002,0.1069541852868792,1.2871111664507124,36.0,7.0
746.0,11.0,94.40000000000012,0.10663332273101855,1.2341895401477814,68.0,4.0
747.0,6.0,47.19999999999997,0.1063134227628255,1.278615721634456,35.0,9.0
748.0,7.0,56.89999999999998,0.10599448249453702,1.2362406865144386,39.0,2.0
749.0,2.0,9.0,0.10567649904705341,1.265830255471743,13.0,3.0
750.0,11.0,96.70000000000006,0.10535946954991225,1.2430245452457005,45.0,2.0
751.0,3.0,17.69999999999999,0.10504339114126252,1.3921477794647217,27.0,4.0
752.0,3.0,18.799999999999986,0.10472826096783873,1.345948189496994,16.0,5.0
753.0,4.0,28.69999999999999,0.10441407618493521,1.3344089190165203,18.0,2.0
754.0,8.0,66.20000000000005,0.10410083395638041,1.288511093626631,47.0,3.0
755.0,1.0,-0.40000000000000036,0.10378853145451127,1.455773949623108,6.0,1.0
756.0,4.0,28.19999999999999,0.10347716586014773,1.325395299040753,23.0,1.0
757.0,1.0,-0.6999999999999993,0.10316673436256728,1.3073354893260531,9.0,5.0
758.0,15.0,134.50000000000009,0.10285723415947957,1.325476024352329,71.0,5.0
759.0,4.0,28.999999999999993,0.10254866245700113,1.2448305130004882,15.0,2.0
760.0,10.0,85.90000000000006,0.10224101646963013,1.294776248244139,52.0,2.0
761.0,2.0,8.899999999999988,0.10193429342022124,1.2428483622414725,14.0,10.0
762.0,5.0,37.39999999999997,0.10162849053996058,1.3575150594115257,32.0,7.0
763.0,5.0,37.79999999999999,0.10132360506834069,1.3199777156114578,28.0,1.0
764.0,7.0,57.59999999999998,0.10101963425313566,1.334201391786337,32.0,1.0
765.0,4.0,29.099999999999994,0.10071657535037626,1.2493485169751304,14.0,5.0
766.0,3.0,18.29999999999999,0.10041442562432513,1.2940307231176467,21.0,3.0
767.0,1.0,-0.3999999999999986,0.10011318234745216,1.2268296579519908,6.0,4.0
768.0,6.0,47.49999999999997,0.0998128428004098,1.324780147522688,32.0,3.0
769.0,2.0,8.29999999999999,0.09951340427200858,1.3360872387886047,20.0,11.0
770.0,0.0,-10.4,0.09921486405919255,1.2185434818267822,5.0,5.0
771.0,11.0,96.10000000000007,0.09891721946701497,1.3499645123294755,51.0,1.0
772.0,2.0,9.600000000000001,0.09862046780861393,1.3348579066140311,7.0,1.0
773.0,4.0,27.899999999999977,0.09832460640518809,1.3098397896840022,26.0,7.0
774.0,3.0,19.1,0.09802963258597253,1.3879801951921904,13.0,1.0
775.0,7.0,58.80000000000001,0.0977355436882146,1.3833924472332,20.0,5.0
776.0,1.0,-0.6999999999999975,0.09744233705714996,1.4369979699452717,9.0,7.0
777.0,6.0,46.59999999999996,0.09715001004597851,1.3677070547894734,41.0,2.0
778.0,1.0,-0.3999999999999986,0.09685856001584058,1.287241558233897,6.0,3.0
779.0,11.0,96.60000000000008,0.09656798433579306,1.3605313637982244,46.0,1.0
780.0,1.0,-0.29999999999999893,0.09627828038278567,1.3747805118560792,5.0,2.0
781.0,2.0,9.399999999999999,0.09598944554163731,1.4158741898006864,9.0,3.0
782.0,4.0,27.09999999999998,0.0957014772050124,1.3505666080643148,34.0,5.0
783.0,3.0,18.099999999999984,0.09541437277339737,1.3721760044927183,23.0,11.0
784.0,2.0,7.799999999999979,0.09512812965507718,1.3455343008041383,25.0,16.0
785.0,7.0,56.39999999999998,0.09484274526611194,1.3769004101103002,44.0,5.0
786.0,5.0,37.89999999999998,0.09455821703031361,1.3535477099595246,27.0,2.0
787.0,9.0,76.00000000000003,0.09427454237922267,1.3697446489334106,50.0,1.0
788.0,4.0,28.299999999999997,0.09399171875208501,1.4053852178833701,22.0,1.0
789.0,8.0,66.9,0.09370974359582875,1.4192147076129913,40.0,1.0
790.0,6.0,47.99999999999998,0.09342861436504125,1.305938674343957,27.0,1.0
791.0,6.0,47.599999999999966,0.09314832852194613,1.192291498184204,31.0,1.0
792.0,8.0,67.79999999999998,0.09286888353638029,1.2196284494092386,31.0,3.0
793.0,11.0,95.00000000000009,0.09259027688577115,1.2380114265026585,62.0,5.0
794.0,2.0,8.899999999999991,0.09231250605511383,1.237507734979902,14.0,7.0
795.0,5.0,37.899999999999984,0.0920355685369485,1.236621982521481,27.0,3.0
796.0,12.0,106.20000000000007,0.09175946183133765,1.239996823610044,51.0,3.0
797.0,3.0,17.199999999999974,0.09148418344584364,1.1709035206586123,32.0,13.0
798.0,5.0,37.899999999999984,0.0912097308955061,1.2317726877000597,27.0,1.0
799.0,10.0,84.00000000000009,0.09093610170281959,1.2522099068467045,71.0,2.0
800.0,13.0,114.70000000000014,0.09066329339771112,1.1978365467555487,67.0,1.0
801.0,7.0,56.89999999999998,0.09039130351751799,1.2192012316141374,39.0,1.0
802.0,2.0,9.200000000000003,0.09012012960696544,1.1345288916067644,11.0,2.0
803.0,6.0,47.49999999999998,0.08984976921814454,1.1625932473689318,32.0,4.0
804.0,11.0,95.8000000000001,0.0895802199104901,1.3927838537428114,54.0,2.0
805.0,5.0,39.3,0.08931147925075864,1.356044054031372,13.0,1.0
806.0,6.0,48.399999999999984,0.08904354481300636,1.3615927126096643,23.0,3.0
807.0,5.0,38.39999999999999,0.08877641417856734,1.4075879671356895,22.0,1.0
808.0,1.0,-0.29999999999999893,0.08851008493603164,1.289948534965515,5.0,2.0
809.0,3.0,19.199999999999992,0.08824455468122355,1.3609241843223572,12.0,1.0
810.0,9.0,76.00000000000001,0.08797982101717988,1.422056348323822,50.0,5.0
811.0,5.0,38.699999999999996,0.08771588155412834,1.340967103054649,19.0,2.0
812.0,5.0,37.79999999999998,0.08745273390946595,1.4114641462053572,28.0,3.0
813.0,9.0,76.6,0.08719037570773755,1.3640599196607417,44.0,4.0
814.0,3.0,19.099999999999994,0.08692880458061433,1.3992378895099347,13.0,2.0
815.0,1.0,-0.8999999999999986,0.08666801816687249,1.3776335716247559,11.0,7.0
816.0,10.0,86.69999999999999,0.08640801411237187,1.3966385126113892,44.0,1.0
817.0,13.0,113.6000000000002,0.08614879007003474,1.3657503869289007,78.0,2.0
818.0,2.0,9.0,0.08589034369982464,1.5623358121285071,13.0,2.0
819.0,9.0,77.10000000000008,0.08563267266872517,1.3815579995130882,39.0,5.0
820.0,6.0,46.59999999999997,0.085375774650719,1.3673453970653255,41.0,3.0
821.0,10.0,85.40000000000006,0.08511964732676684,1.33625566750242,57.0,4.0
822.0,5.0,38.09999999999998,0.08486428838478655,1.2687013506889344,25.0,4.0
823.0,4.0,28.89999999999999,0.08460969551963218,1.199471354484558,16.0,1.0
824.0,8.0,68.5,0.08435586643307329,1.3178064028422039,24.0,1.0
825.0,3.0,18.59999999999999,0.08410279883377407,1.3416853083504572,18.0,1.0
826.0,4.0,29.099999999999994,0.08385049043727275,1.3079191616603307,14.0,3.0
827.0,2.0,9.399999999999999,0.08359893896596093,1.354778117603726,9.0,3.0
828.0,20.0,184.4000000000002,0.08334814214906305,1.3164223912474398,77.0,7.0
829.0,2.0,8.800000000000004,0.08309809772261587,1.203950564066569,15.0,1.0
830.0,8.0,66.10000000000001,0.08284880342944802,1.2675268997748692,48.0,3.0
831.0,7.0,58.099999999999994,0.08260025701915967,1.2877290337174028,27.0,2.0
832.0,12.0,104.10000000000014,0.0823524562481022,1.2728171828720305,72.0,6.0
833.0,9.0,75.50000000000003,0.08210539887935789,1.254465028372678,55.0,4.0
834.0,5.0,38.69999999999998,0.08185908268271981,1.2407589021481966,19.0,3.0
835.0,1.0,-0.29999999999999893,0.08161350543467165,1.3873117685317993,5.0,3.0
836.0,5.0,37.59999999999998,0.08136866491836764,1.3705849011739095,30.0,2.0
837.0,10.0,87.0,0.08112455892361253,1.313302409358141,41.0,2.0
838.0,4.0,28.599999999999987,0.0808811852468417,1.383851641102841,19.0,5.0
839.0,4.0,29.299999999999997,0.08063854169110117,1.3405063450336456,12.0,2.0
840.0,9.0,76.10000000000008,0.08039662606602786,1.3238052859598277,49.0,12.0
841.0,10.0,86.70000000000002,0.08015543618782978,1.3564578105102887,44.0,1.0
842.0,6.0,46.49999999999998,0.07991496987926629,1.3538415772574288,42.0,1.0
843.0,10.0,86.6,0.07967522496962849,1.3980874260266622,45.0,1.0
844.0,11.0,95.90000000000003,0.07943619929471961,1.38161893160838,53.0,2.0
845.0,9.0,76.59999999999998,0.07919789069683544,1.3925018771128221,44.0,2.0
846.0,20.0,180.40000000000032,0.07896029702474494,1.3552927038608453,117.0,3.0
847.0,2.0,9.3,0.0787234161336707,1.2401701092720032,10.0,1.0
848.0,4.0,28.79999999999999,0.07848724588526969,1.419333493008333,17.0,2.0
849.0,14.0,124.40000000000015,0.07825178414761388,1.3640804811262748,71.0,1.0
850.0,6.0,47.19999999999998,0.07801702879517104,1.4407014506203788,35.0,4.0
851.0,6.0,47.59999999999997,0.07778297770878553,1.321936342024034,31.0,8.0
852.0,8.0,68.00000000000001,0.07754962877565917,1.3746335342012603,29.0,2.0
853.0,16.0,144.50000000000014,0.0773169798893322,1.374796320994695,72.0,3.0
854.0,13.0,115.7000000000001,0.07708502894966421,1.4180090113690025,57.0,4.0
855.0,8.0,67.19999999999999,0.07685377386281522,1.347398606506554,37.0,3.0
856.0,6.0,48.69999999999999,0.07662321254122678,1.355773687362671,20.0,1.0
857.0,10.0,86.10000000000011,0.0763933429036031,1.4075357913970947,50.0,4.0
858.0,5.0,38.9,0.07616416287489229,1.4260976524914013,17.0,2.0
859.0,6.0,48.19999999999998,0.07593567038626761,1.3796243715286254,25.0,6.0
860.0,11.0,96.30000000000001,0.0757078633751088,1.3946343879310452,49.0,1.0
861.0,14.0,124.50000000000011,0.07548073978498347,1.19405922463962,70.0,2.0
862.0,16.0,143.8000000000001,0.07525429756562853,1.2343123856979081,79.0,6.0
863.0,13.0,116.90000000000008,0.07502853467293165,1.2193137831158107,45.0,2.0
864.0,4.0,27.799999999999983,0.07480344906891286,1.2784493079891912,27.0,2.0
865.0,17.0,152.60000000000034,0.07457903872170611,1.2270425143449202,92.0,1.0
866.0,13.0,113.8000000000001,0.07435530160554099,1.2774543001463539,76.0,1.0
867.0,1.0,-0.1999999999999993,0.07413223570072437,1.2790215611457825,4.0,1.0
868.0,4.0,27.899999999999977,0.0739098389936222,1.2628807815221639,26.0,4.0
869.0,11.0,95.7000000000001,0.07368810947664134,1.2671529553153298,55.0,4.0
870.0,7.0,56.400000000000006,0.07346704514821141,1.4080394547093997,44.0,7.0
871.0,11.0,94.40000000000013,0.07324664401276677,1.4424515156184925,68.0,5.0
872.0,9.0,75.40000000000005,0.07302690408072847,1.4570497210536684,56.0,5.0
873.0,14.0,125.00000000000017,0.07280782336848628,1.4559395423302284,65.0,9.0
874.0,11.0,93.70000000000016,0.07258939989838081,1.473046013514201,75.0,14.0
875.0,9.0,76.10000000000008,0.07237163169868567,1.3963404601934004,49.0,6.0
876.0,2.0,9.5,0.07215451680358961,1.3412718921899796,8.0,3.0
877.0,6.0,47.39999999999997,0.07193805325317884,1.3946679324814768,33.0,6.0
878.0,12.0,100.60000000000025,0.07172223909341931,1.4310717632837384,107.0,8.0
879.0,4.0,28.49999999999998,0.07150707237613906,1.4775042176246642,20.0,7.0
880.0,5.0,38.19999999999998,0.07129255115901063,1.5522361646095912,24.0,3.0
881.0,9.0,76.10000000000011,0.0710786735055336,1.4797933004340347,49.0,8.0
882.0,7.0,57.69999999999999,0.07086543748501699,1.5446116232102918,31.0,2.0
883.0,10.0,85.30000000000008,0.07065284117256193,1.4880859379110665,58.0,3.0
884.0,10.0,86.60000000000007,0.07044088264904425,1.509469034936693,45.0,1.0
885.0,8.0,66.30000000000007,0.07022956000109712,1.472775656244029,46.0,9.0
886.0,16.0,142.0000000000003,0.07001887132109383,1.5173476676351016,97.0,13.0
887.0,13.0,113.90000000000016,0.06980881470713055,1.563115758895874,75.0,9.0
888.0,5.0,37.799999999999976,0.06959938826300915,1.5078140326908656,28.0,5.0
889.0,8.0,66.60000000000002,0.06939059009822013,1.5214319672695427,43.0,3.0
890.0,9.0,76.40000000000003,0.06918241832792547,1.5040948416875757,46.0,2.0
891.0,14.0,125.00000000000014,0.0689748710729417,1.433375591498155,65.0,1.0
892.0,10.0,86.00000000000007,0.06876794645972288,1.427956728374257,51.0,2.0
893.0,3.0,17.999999999999986,0.06856164262034371,1.4388411144415538,24.0,5.0
894.0,4.0,27.799999999999983,0.06835595769248268,1.406397196981642,27.0,3.0
895.0,5.0,38.09999999999999,0.06815088981940523,1.4015885066986085,25.0,2.0
896.0,4.0,28.79999999999999,0.06794643714994701,1.4179087807150448,17.0,1.0
897.0,4.0,26.899999999999977,0.06774259783849718,1.386060529285007,36.0,3.0
898.0,18.0,159.80000000000032,0.06753937004498169,1.4647468594480153,121.0,1.0
899.0,3.0,19.099999999999994,0.06733675193484674,1.4477176482860858,13.0,2.0
900.0,2.0,8.700000000000003,0.0671347416790422,1.5051721408963203,16.0,1.0
901.0,15.0,136.50000000000014,0.06693333745400507,1.444768227782904,51.0,2.0
902.0,14.0,123.70000000000016,0.06673253744164305,1.4368270796078901,78.0,1.0
903.0,12.0,105.00000000000011,0.06653233982931812,1.4309846087107583,63.0,6.0
904.0,3.0,19.0,0.06633274280983018,1.3060065465314048,14.0,3.0
905.0,6.0,47.59999999999999,0.06613374458140069,1.3883112419036128,31.0,1.0
906.0,4.0,28.39999999999999,0.06593534334765648,1.3976538067772275,21.0,1.0
907.0,10.0,86.7,0.06573753731761352,1.4498007676818154,44.0,3.0
908.0,8.0,66.5,0.06554032470566068,1.4270950840278105,44.0,3.0
909.0,11.0,95.7000000000001,0.0653437037315437,1.4106036294590343,55.0,3.0
910.0,17.0,152.70000000000013,0.06514767262034907,1.3979253362823318,91.0,1.0
911.0,8.0,66.19999999999999,0.06495222960248802,1.4285364227092012,47.0,4.0
912.0,3.0,18.499999999999986,0.06475737291368056,1.3464557120674534,19.0,8.0
913.0,6.0,46.09999999999995,0.06456310079493952,1.350903976222743,46.0,2.0
914.0,6.0,47.59999999999998,0.06436941149255469,1.3171139974747934,31.0,2.0
915.0,13.0,114.40000000000018,0.06417630325807702,1.3462769516876765,70.0,3.0
916.0,7.0,57.29999999999998,0.0639837743483028,1.3391297885349818,35.0,3.0
917.0,10.0,85.60000000000008,0.06379182302525789,1.3673704201524908,55.0,5.0
918.0,4.0,28.299999999999983,0.06360044755618212,1.2817523371089588,22.0,5.0
919.0,13.0,115.10000000000012,0.06340964621351357,1.2974273723269265,63.0,5.0
920.0,7.0,57.5,0.06321941727487303,1.2553525693488843,33.0,4.0
921.0,1.0,-0.5,0.0630297590230484,1.385379127093724,7.0,2.0
922.0,9.0,76.6,0.06284066974597925,1.3194014064290307,44.0,2.0
923.0,6.0,48.09999999999999,0.06265214773674131,1.283542445072761,26.0,2.0
924.0,6.0,47.49999999999997,0.06246419129353109,1.2096723802387714,32.0,6.0
925.0,9.0,75.20000000000009,0.0622767987196505,1.3028703075030754,58.0,17.0
926.0,8.0,65.50000000000004,0.06208996832349155,1.5047768597249631,54.0,7.0
927.0,9.0,76.60000000000004,0.06190369841852107,1.4433182315392927,44.0,11.0
928.0,14.0,124.00000000000017,0.06171798732326551,1.467803455988566,75.0,3.0
929.0,11.0,94.90000000000003,0.06153283336129571,1.4272827326305328,63.0,2.0
930.0,10.0,87.7,0.061348234861211826,1.5667719174833858,34.0,1.0
931.0,6.0,48.39999999999998,0.06116419015662819,1.459032654762268,23.0,3.0
932.0,13.0,115.80000000000005,0.0609806975861583,1.4457147866487503,56.0,1.0
933.0,14.0,125.00000000000006,0.06079775549339983,1.477831193116995,65.0,4.0
934.0,12.0,104.00000000000011,0.06061536222691963,1.5187676622443003,73.0,5.0
935.0,8.0,67.50000000000003,0.06043351614023887,1.3484372181050919,34.0,8.0
936.0,1.0,-0.3000000000000007,0.060252215591818155,1.6642971515655518,5.0,1.0
937.0,13.0,113.00000000000018,0.0600714589450427,1.3853976087910789,84.0,3.0
938.0,12.0,104.90000000000012,0.05989124456820757,1.3787638964131474,64.0,4.0
939.0,10.0,84.20000000000005,0.059711570834502944,1.4005744664565376,69.0,5.0
940.0,12.0,105.2000000000001,0.05953243612199943,1.3824875931270788,61.0,1.0
941.0,7.0,57.70000000000002,0.05935383881363344,1.3568025442861742,31.0,8.0
942.0,9.0,75.5000000000001,0.05917577729719254,1.4115479642694646,55.0,7.0
943.0,0.0,-10.3,0.05899824996530096,1.2734945118427277,4.0,4.0
944.0,20.0,181.9000000000002,0.05882125521540506,1.3956130024264841,102.0,1.0
945.0,3.0,18.599999999999994,0.05864479144975884,1.5434348516994052,18.0,2.0
946.0,11.0,94.90000000000009,0.05846885707540957,1.537597998740181,63.0,2.0
947.0,5.0,37.49999999999997,0.05829345050418334,1.5491755162515948,31.0,7.0
948.0,11.0,95.70000000000002,0.05811857015267079,1.5459554823962125,55.0,1.0
949.0,4.0,28.89999999999999,0.057944214442212774,1.6153940930962563,16.0,1.0
950.0,4.0,27.899999999999984,0.05777038179888613,1.5900825628867516,26.0,1.0
951.0,21.0,189.90000000000038,0.05759707065348948,1.5327603836369708,123.0,6.0
952.0,3.0,18.399999999999984,0.05742427944152901,1.5798204123973847,20.0,6.0
953.0,6.0,46.699999999999974,0.057252006603204425,1.6003481417894363,40.0,1.0
954.0,7.0,56.99999999999997,0.05708025058339481,1.5116533197854694,38.0,1.0
955.0,8.0,66.50000000000001,0.056909009831644625,1.5226576978510076,44.0,3.0
956.0,11.0,95.00000000000009,0.05673828280214969,1.3345908070764234,62.0,3.0
957.0,10.0,86.30000000000004,0.05656806795374324,1.277803897857666,48.0,2.0
958.0,11.0,96.20000000000005,0.056398363749882004,1.3253514862060547,50.0,4.0
959.0,9.0,77.80000000000003,0.05622916865863236,1.3387961089611053,32.0,4.0
960.0,10.0,85.80000000000007,0.056060481152656466,1.3416103821880412,53.0,4.0
961.0,8.0,68.0,0.0558922997091985,1.31967438500503,29.0,2.0
962.0,1.0,-0.5999999999999996,0.0557246228100709,1.297253929078579,8.0,3.0
963.0,11.0,95.0000000000001,0.055557448941640684,1.316969609068286,62.0,4.0
964.0,2.0,9.400000000000002,0.05539077659481576,1.380731013086107,9.0,1.0
965.0,8.0,65.90000000000003,0.05522460426503131,1.3159207034111022,50.0,1.0
966.0,12.0,105.20000000000009,0.05505893045223622,1.3044567323121867,61.0,9.0
967.0,13.0,115.7000000000001,0.054893753660879514,1.3250988795046221,57.0,4.0
968.0,8.0,67.30000000000005,0.054729072399896876,1.4097045097086165,36.0,6.0
969.0,9.0,77.60000000000002,0.054564885182697184,1.5187353667090921,34.0,5.0
970.0,9.0,77.50000000000001,0.05440119052714909,1.5575722421918596,35.0,1.0
971.0,9.0,77.99999999999999,0.05423798695556764,1.5262642860412599,30.0,1.0
972.0,11.0,95.00000000000013,0.05407527299470094,1.5740043867018916,62.0,4.0
973.0,1.0,-0.4999999999999982,0.053913047175716836,1.4546064138412476,7.0,5.0
974.0,1.0,-0.1999999999999993,0.05375130803418968,1.494814783334732,4.0,2.0
975.0,9.0,76.90000000000003,0.05359005411008711,1.5429617835254203,41.0,7.0
976.0,9.0,76.2000000000001,0.053429283947756846,1.487720566491286,48.0,4.0
977.0,10.0,87.20000000000002,0.053268996095913575,1.4846478822903755,39.0,2.0
978.0,14.0,124.40000000000015,0.05310918910762583,1.503229879157644,71.0,5.0
979.0,4.0,28.499999999999986,0.052949861540302956,1.579597383737564,20.0,3.0
980.0,5.0,37.499999999999986,0.052791011955682046,1.5212323665618896,31.0,1.0
981.0,0.0,-10.4,0.052632638919815,1.7314771175384522,5.0,5.0
982.0,12.0,105.50000000000014,0.052474741003055554,1.4077381111424545,58.0,9.0
983.0,8.0,65.80000000000004,0.052317316780046384,1.3688452150307449,51.0,3.0
984.0,12.0,107.10000000000008,0.05216036482970624,1.30364166980698,42.0,5.0
985.0,1.0,-0.5,0.052003883735217124,1.3487436941691808,7.0,3.0
986.0,7.0,56.89999999999996,0.051847872084011475,1.4331305989852319,39.0,1.0
987.0,5.0,37.899999999999984,0.05169232846775944,1.3734881436383282,27.0,5.0
988.0,13.0,114.40000000000006,0.05153725148235616,1.284847274848393,70.0,3.0
989.0,6.0,47.49999999999997,0.051382639727909095,1.3074582666158676,32.0,4.0
990.0,3.0,19.099999999999994,0.051228491808725365,1.318334937095642,13.0,1.0
991.0,12.0,104.70000000000013,0.05107480633329919,1.3526632794828126,66.0,5.0
992.0,13.0,113.20000000000016,0.05092158191429929,1.3612630156482137,82.0,9.0
993.0,16.0,144.0000000000002,0.05076881716855639,1.4664491004758067,77.0,4.0
994.0,14.0,125.2000000000001,0.05061651071705072,1.4823564470760406,63.0,1.0
995.0,7.0,56.59999999999998,0.05046466118489957,1.4417149807725633,42.0,4.0
996.0,8.0,67.0,0.05031326720134487,1.4296621619126735,39.0,1.0
997.0,7.0,57.79999999999998,0.05016232739974084,1.442306101322174,30.0,2.0
998.0,13.0,114.90000000000012,0.050011840417541614,1.4596457976561326,65.0,2.0
999.0,8.0,67.59999999999998,0.04986180489628899,1.533225492997603,33.0,2.0
1000.0,9.0,75.20000000000003,0.04971221948160012,1.438725727385488,58.0,10.0
1001.0,10.0,87.79999999999998,0.04956308282315532,1.408191619497357,33.0,3.0
1002.0,12.0,105.10000000000008,0.049414393574685855,1.4712119352432989,62.0,7.0
1003.0,10.0,86.00000000000007,0.049266150393961795,1.4387265537299363,51.0,5.0
1004.0,5.0,38.099999999999994,0.04911835194277991,1.5138370847702027,25.0,1.0
1005.0,19.0,170.00000000000037,0.04897099688695157,1.5025090754032135,120.0,3.0
1006.0,15.0,133.00000000000017,0.04882408389629071,1.468428001847378,86.0,7.0
1007.0,11.0,96.10000000000011,0.04867761164460184,1.4850273366067923,51.0,5.0
1008.0,9.0,76.40000000000006,0.04853157880966803,1.552181363105774,46.0,7.0
1009.0,12.0,105.30000000000008,0.048385984073239026,1.4893455862998963,60.0,7.0
1010.0,3.0,18.999999999999993,0.048240826121019306,1.456470366035189,14.0,3.0
1011.0,6.0,47.59999999999997,0.04809610364265625,1.4584844131623544,31.0,4.0
1012.0,5.0,38.399999999999984,0.04795181533172828,1.514245087450201,22.0,1.0
1013.0,5.0,38.59999999999999,0.047807959885733095,1.6206354260444642,20.0,5.0
1014.0,7.0,58.09999999999998,0.0476645360060759,1.5551767305091575,27.0,2.0
1015.0,13.0,115.90000000000012,0.04752154239805767,1.434750264341181,55.0,1.0
1016.0,14.0,123.80000000000015,0.047378977770863494,1.4515458995645696,77.0,7.0
1017.0,13.0,113.7000000000002,0.047236840837550906,1.4449664385287793,77.0,2.0
1018.0,12.0,105.80000000000007,0.04709513031503825,1.4619533842260188,55.0,3.0
1019.0,6.0,46.499999999999964,0.04695384492409314,1.4501306868734813,42.0,5.0
1020.0,12.0,104.30000000000015,0.046812983389320856,1.396350622177124,70.0,4.0
1021.0,12.0,106.20000000000012,0.04667254443915289,1.4059007284688014,51.0,3.0
1022.0,8.0,66.9,0.04653252680583543,1.4610564678907394,40.0,3.0
1023.0,4.0,27.59999999999998,0.04639292922541793,1.510091327387711,29.0,3.0
1024.0,15.0,135.00000000000014,0.04625375043774167,1.7026054786913323,66.0,4.0
1025.0,4.0,28.399999999999984,0.046114989186428444,1.7212349006107874,21.0,7.0
1026.0,4.0,28.09999999999998,0.045976644218869156,1.5509094993273418,24.0,6.0
1027.0,8.0,66.9,0.04583871428621255,1.7079258739948273,40.0,3.0
1028.0,15.0,134.30000000000013,0.04570119814335391,1.6407080790767932,73.0,2.0
1029.0,8.0,66.5,0.04556409454892385,1.640054095875133,44.0,1.0
1030.0,11.0,95.40000000000009,0.04542740226527708,1.6773190272265468,58.0,4.0
1031.0,6.0,46.49999999999996,0.045291120058481245,1.6790783178238642,42.0,4.0
1032.0,11.0,94.00000000000014,0.0451552466983058,1.6986659914255142,72.0,6.0
1033.0,15.0,134.10000000000016,0.04501978095821088,1.5635818688074747,75.0,4.0
1034.0,7.0,57.19999999999999,0.04488472161533625,1.4129864705933466,36.0,3.0
1035.0,7.0,58.0,0.04475006745049024,1.3499103507825307,28.0,5.0
1036.0,9.0,77.30000000000001,0.04461581724813877,1.3496508292249731,37.0,3.0
1037.0,3.0,19.7,0.04448196979639435,1.444946561540876,7.0,1.0
1038.0,2.0,9.5,0.044348523887005165,1.294252648949623,8.0,2.0
1039.0,13.0,114.80000000000013,0.04421547831534415,1.3725006038492376,66.0,4.0
1040.0,2.0,9.0,0.04408283188039812,1.3572153999255254,13.0,3.0
1041.0,8.0,67.4,0.04395058338475692,1.2945837804249354,35.0,5.0
1042.0,11.0,95.60000000000005,0.04381873163460265,1.3847886270710401,56.0,7.0
1043.0,15.0,134.90000000000015,0.04368727543969884,1.3673727725868794,67.0,2.0
1044.0,12.0,105.50000000000006,0.04355621361337974,1.3630686957260658,58.0,3.0
1045.0,9.0,76.10000000000005,0.0434255449725396,1.3396005569672098,49.0,4.0
1046.0,9.0,76.80000000000001,0.043295268337621984,1.6384064796425046,42.0,1.0
1047.0,15.0,135.1000000000001,0.04316538253260912,1.6538935789695153,65.0,1.0
1048.0,13.0,115.90000000000009,0.04303588638501129,1.6796178622679276,55.0,3.0
1049.0,18.0,163.7000000000002,0.04290677872585626,1.693101993421229,82.0,2.0
1050.0,5.0,37.99999999999998,0.042778058389678686,1.7922946879496942,26.0,8.0
1051.0,4.0,28.69999999999999,0.04264972421450965,1.7560384074846904,18.0,3.0
1052.0,1.0,-0.5,0.042521775041866126,1.4962868690490723,7.0,2.0
1053.0,7.0,56.99999999999997,0.04239420971674053,1.6505463750738847,38.0,3.0
1054.0,5.0,38.89999999999999,0.04226702708759031,1.6210501194000244,17.0,1.0
1055.0,11.0,95.80000000000001,0.04214022600632754,1.6489993046831202,54.0,3.0
1056.0,16.0,145.2000000000001,0.042013805328308555,1.6633277434569138,65.0,2.0
1057.0,13.0,114.40000000000009,0.04188776391232363,1.6443864600999014,70.0,6.0
1058.0,15.0,133.90000000000015,0.041762100620586655,1.571683498172017,77.0,3.0
1059.0,7.0,57.29999999999997,0.041636814318724895,1.6220439468111312,35.0,1.0
1060.0,8.0,67.1,0.04151190387576872,1.6186445324044478,38.0,4.0
1061.0,8.0,67.30000000000001,0.04138736816414141,1.6117983096175723,36.0,3.0
1062.0,14.0,124.7000000000001,0.041263206059648984,1.61830194031491,68.0,3.0
1063.0,7.0,56.99999999999997,0.04113941644147004,1.5855649050913359,38.0,1.0
1064.0,17.0,153.20000000000022,0.04101599819214563,1.6124241740204568,86.0,3.0
1065.0,7.0,56.70000000000002,0.040892950197569194,1.627670951005889,41.0,8.0
1066.0,21.0,191.20000000000033,0.040770271346976486,1.5220400582660327,110.0,7.0
1067.0,12.0,106.00000000000003,0.040647960532935554,1.4117072629478742,53.0,3.0
1068.0,12.0,106.1000000000001,0.040526016651336746,1.3637948150818164,52.0,4.0
1069.0,15.0,131.70000000000033,0.040404438601382736,1.4618684787942906,99.0,7.0
1070.0,8.0,67.00000000000001,0.04028322528557859,1.377862422894209,39.0,3.0
1071.0,8.0,66.60000000000001,0.04016237560972185,1.411208312178767,43.0,3.0
1072.0,12.0,104.60000000000015,0.04004188848289268,1.3917123435148553,67.0,4.0
1073.0,18.0,160.9000000000004,0.039921762817444,1.4111212903803045,110.0,6.0
1074.0,11.0,95.90000000000009,0.03980199752899167,1.6145143868788234,53.0,3.0
1075.0,2.0,9.5,0.039682591536404695,1.3549221903085709,8.0,2.0
1076.0,11.0,96.70000000000002,0.03956354376179548,1.544642514652676,45.0,6.0
1077.0,10.0,87.30000000000001,0.03944485313051009,1.4486153110077507,38.0,1.0
1078.0,9.0,77.70000000000005,0.03932651857111856,1.451966430201675,33.0,2.0
1079.0,7.0,57.19999999999999,0.039208539015405205,1.4286557336648305,36.0,3.0
1080.0,6.0,47.29999999999997,0.03909091339835899,1.5327651465640348,34.0,4.0
1081.0,20.0,180.60000000000034,0.03897364065816391,1.5069465549095817,115.0,4.0
1082.0,11.0,96.70000000000009,0.03885671973618942,1.45625757906172,45.0,4.0
1083.0,7.0,56.50000000000003,0.038740149576980853,1.594978878664416,43.0,10.0
1084.0,10.0,84.70000000000005,0.03862392912824991,1.5997650250792503,64.0,3.0
1085.0,11.0,93.70000000000019,0.03850805734086516,1.6071848742167154,75.0,2.0
1086.0,10.0,87.70000000000003,0.038392533168842564,1.6065537158180685,34.0,7.0
1087.0,17.0,152.90000000000023,0.038277355569336036,1.5909395525964458,89.0,8.0
1088.0,7.0,57.69999999999999,0.038162523502628026,1.5806253571664133,31.0,3.0
1089.0,17.0,152.2000000000003,0.03804803593212014,1.60495065835615,96.0,7.0
1090.0,9.0,77.30000000000001,0.03793389182432378,1.601732080047195,37.0,1.0
1091.0,2.0,8.799999999999997,0.03782009014885081,1.5271557807922362,15.0,3.0
1092.0,9.0,74.60000000000002,0.03770662987840426,1.5913439970463514,64.0,3.0
1093.0,11.0,96.20000000000006,0.03759350998876904,1.5660602235794068,50.0,4.0
1094.0,10.0,86.30000000000007,0.037480729458802736,1.421655811369419,48.0,3.0
1095.0,9.0,76.4,0.03736828727042633,1.377677391404691,46.0,6.0
1096.0,3.0,18.89999999999999,0.03725618240861505,1.3638168891270956,15.0,1.0
1097.0,5.0,38.9,0.037144413861389204,1.4572917783961576,17.0,4.0
1098.0,12.0,106.3000000000001,0.037032980619805034,1.4266678404808044,50.0,3.0
1099.0,16.0,141.70000000000033,0.03692188167794562,1.5010121369361877,100.0,8.0
1100.0,11.0,95.4000000000001,0.03681111603291178,1.4599007748324295,58.0,3.0
1101.0,9.0,76.0,0.036700682684813045,1.3833039236068725,50.0,3.0
1102.0,10.0,85.80000000000004,0.03659058063675861,1.4163195850714199,53.0,6.0
1103.0,9.0,76.60000000000005,0.03648080889484833,1.4576626230369916,44.0,4.0
1104.0,20.0,183.70000000000024,0.03637136646816379,1.5465981279100691,84.0,1.0
1105.0,2.0,9.100000000000001,0.036262252368759296,1.589950333038966,12.0,3.0
1106.0,15.0,133.70000000000022,0.036153465611653016,1.5265876567816432,79.0,2.0
1107.0,11.0,95.90000000000005,0.03604500521481806,1.6192505359649658,53.0,1.0
1108.0,12.0,106.20000000000007,0.035936870199173604,1.5305442389319925,51.0,1.0
1109.0,3.0,18.79999999999999,0.03582905958857608,1.5224767997860909,16.0,5.0
1110.0,8.0,67.29999999999998,0.03572157240981035,1.655169086323844,36.0,2.0
1111.0,3.0,18.300000000000004,0.035614407692580924,1.5434951782226562,21.0,2.0
1112.0,10.0,86.40000000000006,0.03550756446950318,1.5910009297918766,47.0,5.0
1113.0,6.0,48.19999999999998,0.03540104177609467,1.5837170791625976,25.0,1.0
1114.0,4.0,27.799999999999983,0.03529483865076639,1.666432053954513,27.0,3.0
1115.0,8.0,66.2,0.035188954134814085,1.5357299180741006,47.0,7.0
1116.0,16.0,142.8000000000002,0.035083387272409644,1.4989029664671822,89.0,2.0
1117.0,6.0,47.09999999999997,0.03497813711059242,1.4933526747756534,36.0,10.0
1118.0,14.0,125.80000000000013,0.03487320269926064,1.5264178284427576,57.0,1.0
1119.0,12.0,103.50000000000017,0.03476858309116286,1.437823929847815,78.0,10.0
1120.0,11.0,94.00000000000014,0.03466427734188937,1.5600995520750682,72.0,9.0
1121.0,7.0,57.29999999999998,0.034560284509863703,1.4439580168042865,35.0,3.0
1122.0,10.0,85.80000000000003,0.034456603656334114,1.5216565132141113,53.0,2.0
1123.0,6.0,48.399999999999984,0.034353233845365115,1.394820363625236,23.0,2.0
1124.0,1.0,-0.4999999999999982,0.03425017414382902,1.6385593925203596,7.0,4.0
1125.0,9.0,76.2,0.034147423621397534,1.5053214853008587,48.0,1.0
1126.0,8.0,67.0,0.03404498135053334,1.8339925087415254,39.0,4.0
1127.0,8.0,66.90000000000003,0.03394284640648174,1.7911699384450912,40.0,10.0
1128.0,2.0,9.399999999999999,0.0338410178672623,1.7814163631863065,9.0,1.0
1129.0,5.0,37.79999999999998,0.03373949481366051,1.8703557550907135,28.0,4.0
1130.0,15.0,134.80000000000018,0.03363827632921953,1.8342580216772415,68.0,7.0
1131.0,11.0,96.6,0.03353736150023187,1.774799020394035,46.0,2.0
1132.0,13.0,115.30000000000015,0.03343674941573117,1.7716771930944724,61.0,5.0
1133.0,8.0,66.79999999999995,0.03333643916748398,1.8361753196251103,41.0,1.0
1134.0,6.0,48.499999999999986,0.03323642984998153,1.8906047344207764,22.0,4.0
1135.0,15.0,133.8000000000002,0.033136720560431585,1.8111799695552924,78.0,8.0
1136.0,2.0,9.299999999999997,0.03303731039875029,1.7055800557136536,10.0,4.0
1137.0,11.0,94.60000000000008,0.03293819846755404,1.7509900078629002,66.0,7.0
1138.0,14.0,124.10000000000014,0.03283938387215138,1.4530777778174426,74.0,1.0
1139.0,8.0,67.10000000000002,0.032740865720534924,1.4149845054275112,38.0,6.0
1140.0,3.0,18.9,0.03264264312337332,1.3117149353027344,15.0,2.0
1141.0,16.0,144.3000000000002,0.0325447151940032,1.497536362828435,74.0,1.0
1142.0,6.0,46.29999999999997,0.032447081048421186,1.479393254626881,44.0,1.0
1143.0,12.0,104.60000000000005,0.032349739805275925,1.4464157054673379,67.0,2.0
1144.0,12.0,104.70000000000013,0.0322526905858601,1.4427133292862864,66.0,4.0
1145.0,6.0,46.99999999999997,0.032155932514102516,1.5522556917087451,37.0,5.0
1146.0,7.0,58.599999999999994,0.03205946471656021,1.313569421117956,22.0,1.0
1147.0,6.0,47.199999999999974,0.03196328632241053,1.5112306424549649,35.0,2.0
1148.0,17.0,154.80000000000013,0.0318673964634433,1.4633214780262538,70.0,3.0
1149.0,2.0,9.100000000000001,0.03177179427405297,1.5246963302294414,12.0,1.0
1150.0,18.0,163.60000000000025,0.031676478891230805,1.4955430174448403,83.0,7.0
1151.0,4.0,28.59999999999998,0.03158144945455711,1.4618400209828426,19.0,3.0
1152.0,5.0,39.3,0.03148670510619344,1.7576444424115694,13.0,1.0
1153.0,14.0,123.70000000000022,0.03139224499087486,1.5239930932338421,78.0,4.0
1154.0,14.0,125.3000000000001,0.031298068255902235,1.5340580075017867,62.0,2.0
1155.0,13.0,115.00000000000016,0.03120417405113453,1.5359919164329767,64.0,7.0
1156.0,10.0,86.70000000000006,0.031110561528981125,1.639450265602632,44.0,3.0
1157.0,4.0,28.999999999999993,0.03101722984439418,1.6145036697387696,15.0,4.0
1158.0,5.0,38.09999999999998,0.030924178154860996,1.5475475120544433,25.0,3.0
1159.0,6.0,48.09999999999998,0.030831405620396414,1.562861992762639,26.0,6.0
1160.0,12.0,106.50000000000011,0.030738911403535223,1.5703972702225049,48.0,2.0
1161.0,8.0,67.20000000000002,0.03064669466932462,1.5804304528880764,37.0,4.0
1162.0,8.0,67.69999999999999,0.030554754585316646,1.5915150791406631,32.0,2.0
1163.0,16.0,143.50000000000014,0.030463090321560696,1.5706453250675667,82.0,3.0
1164.0,15.0,133.0000000000002,0.030371701050596014,1.6291475351466689,86.0,14.0
1165.0,3.0,18.9,0.030280585947444226,1.4771283308664958,15.0,1.0
1166.0,11.0,95.20000000000006,0.030189744189601894,1.584970192114512,60.0,5.0
1167.0,10.0,85.00000000000006,0.030099174957033088,1.55733045789062,61.0,3.0
1168.0,7.0,56.599999999999994,0.030008877432161987,1.505158509526934,42.0,4.0
1169.0,4.0,28.79999999999999,0.0299188507998655,1.641384580556084,17.0,2.0
1170.0,10.0,86.2,0.029829094247465902,1.526567235284922,49.0,3.0
1171.0,22.0,197.6000000000005,0.029739606964723504,1.5232451878437379,147.0,4.0
1172.0,5.0,37.29999999999997,0.029650388143829334,1.4014746167443015,33.0,15.0
1173.0,13.0,115.80000000000013,0.029561436979397844,1.5261950833456857,56.0,5.0
1174.0,5.0,38.59999999999999,0.02947275266845965,1.5322124481201171,20.0,3.0
1175.0,14.0,125.70000000000007,0.029384334410454273,1.4660792432982346,58.0,2.0
1176.0,14.0,125.40000000000006,0.02929618140722291,1.4880315593031586,61.0,3.0
1177.0,9.0,76.00000000000004,0.02920829286300124,1.5095252728462218,50.0,4.0
1178.0,5.0,38.699999999999996,0.029120667984412235,1.5252979303661145,19.0,1.0
1179.0,10.0,85.40000000000008,0.029033305980458998,1.5434212810114811,57.0,9.0
1180.0,9.0,75.00000000000006,0.02894620606251762,1.5912261486053467,60.0,2.0
1181.0,3.0,18.899999999999995,0.02885936744433007,1.4514525651931762,15.0,3.0
1182.0,16.0,141.10000000000034,0.02877278934199708,1.5367671644912575,106.0,8.0
1183.0,9.0,76.50000000000003,0.02868647097397109,1.6109850724538168,45.0,3.0
1184.0,10.0,86.20000000000003,0.028600411561049175,1.4724985142143405,49.0,3.0
1185.0,15.0,133.60000000000022,0.028514610326366027,1.5187419831752778,80.0,5.0
1186.0,8.0,67.4,0.02842906649538693,1.5426620926175798,35.0,3.0
1187.0,11.0,96.90000000000006,0.02834377929590077,1.5054155255472936,43.0,5.0
1188.0,9.0,76.50000000000004,0.028258747958013065,1.5068665319018895,45.0,5.0
1189.0,12.0,104.30000000000018,0.028173971714139025,1.736260313647134,70.0,9.0
1190.0,13.0,115.10000000000014,0.028089449798996607,1.6477628946304321,63.0,2.0
1191.0,19.0,173.4000000000002,0.02800518144959962,1.6534289856289708,86.0,5.0
1192.0,10.0,86.40000000000006,0.02792116590525082,1.6373943775258166,47.0,3.0
1193.0,10.0,85.80000000000001,0.02783740240753507,1.6294802022430133,53.0,2.0
1194.0,19.0,172.20000000000027,0.027753890200312464,1.659734448608087,98.0,3.0
1195.0,1.0,-0.5,0.027670628529711527,1.5165736675262451,7.0,2.0
1196.0,13.0,115.3000000000001,0.027587616644122393,1.6342504180845667,61.0,4.0
1197.0,8.0,66.9,0.027504853794190025,1.6075458198785781,40.0,6.0
1198.0,15.0,133.9000000000002,0.027422339232807454,1.4818610812162425,77.0,3.0
1199.0,12.0,106.00000000000009,0.02734007221510903,1.4405587371790185,53.0,4.0
1200.0,8.0,67.90000000000002,0.027258051998463702,1.4916203260421752,30.0,5.0
1201.0,1.0,-0.40000000000000036,0.027176277842468313,1.3759555419286091,6.0,1.0
1202.0,11.0,95.50000000000013,0.02709474900894091,1.5202529932323254,57.0,5.0
1203.0,17.0,154.10000000000016,0.027013464761914085,1.4276506521485068,77.0,2.0
1204.0,5.0,37.59999999999999,0.02693242436762834,1.449860445658366,30.0,1.0
1205.0,13.0,115.80000000000007,0.026851627094525456,1.4679795312029975,56.0,1.0
1206.0,6.0,48.899999999999984,0.02677107221324188,1.4510863092210557,18.0,1.0
1207.0,4.0,28.9,0.026690758996602153,1.6176409348845482,16.0,1.0
1208.0,5.0,38.79999999999999,0.026610686719612347,1.4322541455427806,18.0,2.0
1209.0,5.0,38.09999999999999,0.02653085465945351,1.5547368335723877,25.0,1.0
1210.0,12.0,105.00000000000014,0.02645126209547515,1.4973695013258193,63.0,6.0
1211.0,13.0,115.40000000000012,0.026371908309188723,1.5615852177143097,60.0,4.0
1212.0,1.0,-0.3000000000000007,0.026292792584261156,1.6078742265701294,5.0,1.0
1213.0,10.0,84.80000000000011,0.02621391420650837,1.5707930629215543,63.0,1.0
1214.0,12.0,102.30000000000028,0.026135272463888845,1.5688461754057141,90.0,12.0
1215.0,5.0,37.89999999999998,0.02605686664649718,1.47177020267204,27.0,2.0
1216.0,11.0,95.40000000000006,0.025978696046557687,1.6066226280968765,58.0,12.0
1217.0,19.0,171.3000000000003,0.025900759958418014,1.5653654426057761,107.0,3.0
1218.0,9.0,76.7,0.02582305767854276,1.5646021019580751,43.0,3.0
1219.0,10.0,85.60000000000007,0.025745588505507132,1.507071328163147,55.0,7.0
1220.0,14.0,122.30000000000021,0.02566835173999061,1.5514667617238087,92.0,6.0
1221.0,9.0,75.4,0.025591346684770637,1.4147140000547682,56.0,2.0
1222.0,17.0,154.6000000000002,0.025514572644716325,1.5169958844780922,72.0,4.0
1223.0,13.0,115.40000000000003,0.025438028926782177,1.4844615946213404,60.0,4.0
1224.0,17.0,154.10000000000022,0.02536171484000183,1.571542698067504,77.0,5.0
1225.0,10.0,85.70000000000002,0.025285629695481822,1.5501841328762196,54.0,4.0
1226.0,8.0,67.49999999999999,0.025209772806395376,1.6158668433918673,34.0,1.0
1227.0,3.0,18.699999999999992,0.02513414348797619,1.5639538063722498,17.0,3.0
1228.0,7.0,56.49999999999997,0.02505874105751226,1.6744118152662766,43.0,3.0
1229.0,11.0,94.10000000000018,0.024983564834339726,1.7306087890141446,71.0,8.0
1230.0,10.0,86.90000000000005,0.024908614139836707,1.6399015046301342,42.0,6.0
1231.0,6.0,48.19999999999999,0.024833888297417197,1.6503745985031129,25.0,2.0
1232.0,1.0,-0.5999999999999996,0.024759386632524947,1.8054310828447342,8.0,2.0
1233.0,13.0,116.60000000000008,0.024685108472627372,1.6672320291399956,48.0,1.0
1234.0,10.0,87.00000000000007,0.02461105314720949,1.711550823072108,41.0,2.0
1235.0,12.0,106.20000000000007,0.02453721998776786,1.6555183541541005,51.0,3.0
1236.0,1.0,-0.1999999999999993,0.024463608327804556,2.124327003955841,4.0,1.0
1237.0,14.0,125.10000000000008,0.02439021750282114,1.5775935165584087,64.0,1.0
1238.0,19.0,171.7000000000003,0.024317046850312676,1.6617000334471175,103.0,2.0
1239.0,16.0,142.90000000000023,0.02424409570976174,1.5038867755369707,88.0,13.0
1240.0,12.0,106.50000000000009,0.024171363422632455,1.5000914906462033,48.0,2.0
1241.0,7.0,57.29999999999998,0.024098849332364558,1.4941017457417078,35.0,3.0
1242.0,16.0,143.60000000000022,0.024026552784367463,1.497883132946344,81.0,9.0
1243.0,11.0,94.8000000000001,0.02395447312601436,1.5161784570664167,64.0,2.0
1244.0,18.0,163.10000000000014,0.023882609706636315,1.486075190657919,88.0,4.0
1245.0,13.0,116.20000000000007,0.023810961877516405,1.4966775660331433,52.0,4.0
1246.0,10.0,86.90000000000003,0.023739528991883856,1.6677448494093758,42.0,5.0
1247.0,14.0,123.6000000000002,0.023668310404908206,1.7037999811051767,79.0,4.0
1248.0,12.0,106.3000000000001,0.02359730547369348,1.7050665211677551,50.0,1.0
1249.0,22.0,199.20000000000047,0.023526513557272397,1.721823888880606,131.0,6.0
1250.0,13.0,116.1000000000001,0.02345593401660058,1.7246202927715373,53.0,3.0
1251.0,5.0,38.09999999999998,0.023385566214550776,1.641708164215088,25.0,6.0
1252.0,9.0,78.00000000000001,0.023315409515907125,1.8082240382830301,30.0,5.0
1253.0,5.0,38.39999999999999,0.023245463287359405,1.6482428420673718,22.0,3.0
1254.0,8.0,66.49999999999997,0.023175726897497327,1.748649456284263,44.0,2.0
1255.0,5.0,37.89999999999998,0.023106199716804835,1.8472444878684149,27.0,1.0
1256.0,18.0,160.60000000000036,0.02303688111765442,1.5189950824838825,113.0,9.0
1257.0,11.0,95.80000000000007,0.022967770474301458,1.4529483318328857,54.0,4.0
1258.0,9.0,77.5,0.022898867162878554,1.400960029874529,35.0,2.0
1259.0,11.0,94.70000000000009,0.022830170561389918,1.4269822340745193,65.0,3.0
1260.0,12.0,106.30000000000011,0.02276168004970575,1.437016451358795,50.0,4.0
1261.0,18.0,163.30000000000027,0.02269339500955663,1.3932032037613005,86.0,3.0
1262.0,13.0,113.20000000000016,0.02262531482452796,1.4672921372622978,82.0,3.0
1263.0,1.0,-0.5,0.022557438880054376,1.392397471836635,7.0,3.0
1264.0,10.0,86.80000000000005,0.022489766563414212,1.5024051527644313,43.0,5.0
1265.0,4.0,28.19999999999999,0.02242229726372397,1.7182882557744565,23.0,4.0
1266.0,13.0,116.10000000000011,0.0223550303719328,1.614385946741644,53.0,4.0
1267.0,13.0,116.10000000000008,0.022287965280817,1.5717204606757973,53.0,2.0
1268.0,12.0,105.20000000000016,0.02222110138497455,1.5971024505427627,61.0,4.0
1269.0,16.0,143.40000000000018,0.022154438080819624,1.6070651189390435,83.0,1.0
1270.0,12.0,105.80000000000007,0.022087974766577166,1.6602928985248913,55.0,5.0
1271.0,5.0,38.09999999999999,0.022021710842277435,1.7562798881530761,25.0,1.0
1272.0,6.0,47.799999999999976,0.0219556457097506,1.6656632300080925,29.0,3.0
1273.0,11.0,94.50000000000004,0.02188977877262135,1.5322786231539143,67.0,4.0
1274.0,11.0,94.80000000000015,0.021824109436303488,1.6436294689774513,64.0,6.0
1275.0,8.0,66.50000000000001,0.021758637107994576,1.6204669665206561,44.0,7.0
1276.0,15.0,132.00000000000026,0.02169336119667059,1.611696186165015,96.0,10.0
1277.0,13.0,117.10000000000005,0.02162828111308058,1.6310824349869129,43.0,3.0
1278.0,10.0,86.9,0.021563396269741335,1.6342538453283764,42.0,1.0
1279.0,13.0,114.80000000000017,0.02149870608093211,1.6548097151698489,66.0,3.0
1280.0,9.0,76.50000000000004,0.021434209962689316,1.655704347292582,45.0,3.0
1281.0,7.0,56.30000000000001,0.02136990733280125,1.6555018001132542,45.0,8.0
1282.0,11.0,95.30000000000011,0.021305797610802844,1.6498196125030518,59.0,2.0
1283.0,11.0,95.50000000000011,0.021241880217970435,1.684394961909244,57.0,2.0
1284.0,11.0,95.70000000000005,0.021178154577316522,1.711771652915261,55.0,4.0
1285.0,16.0,143.40000000000023,0.021114620113584573,1.7625065797782806,83.0,3.0
1286.0,10.0,86.40000000000003,0.02105127625324382,1.6908097140332485,47.0,6.0
1287.0,11.0,96.80000000000001,0.020988122424484088,1.8001234423030505,44.0,1.0
1288.0,20.0,182.8000000000002,0.020925158057210635,1.749494323166468,93.0,3.0
1289.0,10.0,86.80000000000004,0.020862382583039,1.6669932409774426,43.0,1.0
1290.0,4.0,28.499999999999993,0.020799795435289883,1.69075767993927,20.0,3.0
1291.0,2.0,9.100000000000001,0.020737396048984013,1.5971064865589142,12.0,2.0
1292.0,14.0,123.50000000000017,0.02067518386083706,1.7529755786061287,80.0,5.0
1293.0,16.0,142.50000000000023,0.02061315830925455,1.671392392853032,92.0,4.0
1294.0,10.0,86.00000000000009,0.020551318834326784,1.6142697568033255,51.0,2.0
1295.0,16.0,142.80000000000024,0.020489664877823804,1.6032300397251429,89.0,15.0
1296.0,11.0,96.30000000000011,0.020428195883190333,1.6387236264287208,49.0,7.0
1297.0,12.0,105.90000000000015,0.020366911295540763,1.5933806366390653,54.0,6.0
1298.0,18.0,163.20000000000027,0.02030581056165414,1.6226568674219066,87.0,2.0
1299.0,10.0,86.30000000000004,0.020244893129969178,1.5761487657825153,48.0,5.0
1300.0,13.0,115.90000000000006,0.02018415845057927,1.6578312917189164,55.0,2.0
1301.0,16.0,143.80000000000018,0.02012360597522753,1.657443478137632,79.0,10.0
1302.0,13.0,116.20000000000009,0.020063235157301847,1.669113039970398,52.0,1.0
1303.0,7.0,57.39999999999998,0.020003045451829942,1.5893331415512983,34.0,3.0
1304.0,12.0,103.70000000000016,0.019943036315474453,1.6859553409250159,76.0,5.0
1305.0,11.0,95.69999999999999,0.01988320720652803,1.6982059760527177,55.0,2.0
1306.0,10.0,86.40000000000003,0.019823557584908447,1.665109119516738,47.0,4.0
1307.0,19.0,173.10000000000022,0.01976408691215372,1.6746803080098014,89.0,7.0
1308.0,16.0,143.40000000000018,0.019704794651417258,1.718563342668924,83.0,1.0
1309.0,12.0,106.60000000000007,0.019645680267463005,1.647765466507445,47.0,3.0
1310.0,2.0,8.399999999999999,0.019586743226660618,1.7181655984175832,19.0,3.0
1311.0,13.0,116.60000000000008,0.019527982996980636,1.6840060949325562,48.0,4.0
1312.0,15.0,133.50000000000026,0.019469399047989694,1.6675225025341835,81.0,8.0
1313.0,4.0,28.19999999999998,0.019410990850845723,1.661969957144364,23.0,4.0
1314.0,8.0,67.19999999999999,0.019352757878293186,1.5980057555275995,37.0,2.0
1315.0,14.0,123.90000000000015,0.019294699604658308,1.6805895237546218,76.0,3.0
1316.0,17.0,152.60000000000034,0.019236815505844333,1.6096968897010968,92.0,4.0
1317.0,10.0,87.20000000000002,0.0191791050593268,1.636842660414867,39.0,1.0
1318.0,13.0,114.80000000000015,0.019121567744148818,1.6415179660826018,66.0,3.0
1319.0,10.0,85.90000000000009,0.019064203040916373,1.6196992362921054,52.0,9.0
1320.0,6.0,47.799999999999976,0.019007010431793623,1.5415432946435337,29.0,1.0
1321.0,7.0,57.099999999999994,0.018949989400498243,1.5289793594463452,37.0,4.0
1322.0,14.0,124.30000000000018,0.018893139432296747,1.5623312774631712,72.0,7.0
1323.0,16.0,143.30000000000018,0.018836460013999856,1.567514269124894,84.0,1.0
1324.0,15.0,134.80000000000018,0.018779950633957855,1.5933022043284248,68.0,4.0
1325.0,12.0,105.20000000000012,0.01872361078205598,1.499394299554043,61.0,3.0
1326.0,10.0,85.20000000000009,0.018667439949709812,1.6583076270960144,59.0,7.0
1327.0,17.0,154.30000000000018,0.018611437629860682,1.6215897909800212,75.0,4.0
1328.0,10.0,86.30000000000004,0.0185556033169711,1.7222506726781528,48.0,3.0
1329.0,11.0,93.90000000000009,0.018499936507020184,1.652986813897956,73.0,3.0
1330.0,12.0,105.40000000000006,0.018444436697499123,1.6625884670322224,59.0,2.0
1331.0,8.0,66.70000000000002,0.018389103387406625,1.7032339970270793,42.0,5.0
1332.0,15.0,134.9000000000001,0.018333936077244404,1.7376542562869057,67.0,3.0
1333.0,4.0,28.49999999999998,0.01827893426901267,1.6923859655857085,20.0,4.0
1334.0,11.0,95.0000000000001,0.01822409746620563,1.6992806676895387,62.0,7.0
1335.0,17.0,150.80000000000035,0.018169425173807013,1.75470069213347,110.0,4.0
1336.0,11.0,94.20000000000007,0.018114916898285593,1.8178614854812623,70.0,3.0
1337.0,24.0,222.00000000000034,0.018060572147590735,1.8206971384230115,105.0,10.0
1338.0,10.0,86.90000000000008,0.01800639043114796,1.8240524274962289,42.0,3.0
1339.0,16.0,145.2000000000002,0.017952371259854518,1.7770674833884605,65.0,3.0
1340.0,10.0,85.4000000000001,0.017898514146074955,1.8272866052493715,57.0,5.0
1341.0,19.0,171.50000000000028,0.01784481860363673,1.6610497247605096,105.0,7.0
1342.0,14.0,124.30000000000013,0.01779128414782582,1.5492319729593065,72.0,5.0
1343.0,8.0,66.19999999999999,0.017737910295382343,1.5416248098332832,47.0,3.0
1344.0,12.0,103.00000000000017,0.017684696564496196,1.5631808976092971,83.0,9.0
1345.0,11.0,97.20000000000003,0.017631642474802707,1.5728302031755448,40.0,4.0
1346.0,16.0,141.70000000000027,0.017578747547378298,1.563975341320038,100.0,4.0
1347.0,16.0,143.30000000000024,0.017526011304736164,1.5816255396320706,84.0,1.0
1348.0,12.0,105.2000000000001,0.017473433270821955,1.5484040320896713,61.0,7.0
1349.0,14.0,124.90000000000009,0.017421012971009488,1.7999901843793464,66.0,2.0
1350.0,17.0,153.10000000000022,0.01736874993209646,1.7022702666534775,87.0,1.0
1351.0,8.0,65.90000000000003,0.017316643682300167,1.6903630876541138,50.0,13.0
1352.0,9.0,76.50000000000006,0.017264693751253266,1.684993725352817,45.0,3.0
1353.0,16.0,144.70000000000013,0.017212899669999504,1.729330028806414,70.0,2.0
1354.0,10.0,85.10000000000011,0.017161260970989505,1.7151036024093629,60.0,5.0
1355.0,2.0,9.199999999999996,0.017109777188076537,1.6323607509786433,11.0,4.0
1356.0,13.0,113.30000000000013,0.017058447856512306,1.7622069105689908,81.0,6.0
1357.0,1.0,-0.40000000000000036,0.01700727251294277,1.4825949271519978,6.0,2.0
1358.0,6.0,48.59999999999999,0.016956250695403942,1.7586479527609689,21.0,3.0
1359.0,9.0,78.30000000000001,0.01690538194331773,1.534681483551308,27.0,1.0
1360.0,14.0,126.10000000000008,0.01685466579748778,1.6112541975798431,54.0,3.0
1361.0,4.0,28.399999999999984,0.016804101800095315,1.6925047011602492,21.0,3.0
1362.0,13.0,116.10000000000008,0.01675368949469503,1.644941620106967,53.0,1.0
1363.0,7.0,56.79999999999998,0.016703428426210944,1.6090341210365295,40.0,3.0
1364.0,10.0,86.10000000000008,0.01665331814093231,1.668627269268036,50.0,5.0
1365.0,15.0,136.30000000000007,0.016603358186509515,1.6970859923452701,53.0,3.0
1366.0,14.0,122.20000000000024,0.016553548111949985,1.5998519171950638,93.0,3.0
1367.0,12.0,105.70000000000006,0.016503887467614137,1.6497358296598708,56.0,3.0
1368.0,11.0,96.00000000000009,0.016454375805211294,1.6415852056099818,52.0,9.0
1369.0,2.0,8.999999999999993,0.01640501267779566,1.701920353449308,13.0,7.0
1370.0,7.0,56.89999999999999,0.016355797639762273,1.7701597549976447,39.0,3.0
1371.0,4.0,27.99999999999998,0.016306730246842985,1.713953413963318,25.0,2.0
1372.0,15.0,133.80000000000015,0.016257810056102457,1.68246485101871,78.0,2.0
1373.0,10.0,85.4000000000001,0.01620903662593415,1.6506078055030422,57.0,10.0
1374.0,5.0,38.09999999999999,0.016160409516056348,1.8049071359634399,25.0,3.0
1375.0,6.0,47.29999999999997,0.016111928287508178,1.751503818175372,34.0,3.0
1376.0,14.0,124.70000000000016,0.016063592502645652,1.6779642578433542,68.0,4.0
1377.0,9.0,77.20000000000002,0.016015401725137716,1.7261772845920764,38.0,1.0
1378.0,12.0,105.3000000000001,0.0159673555199623,1.7393056174119315,60.0,1.0
1379.0,14.0,123.60000000000014,0.015919453453402413,1.6910860840278337,79.0,5.0
1380.0,9.0,76.50000000000009,0.015871695093042204,1.6495931069056193,45.0,3.0
1381.0,10.0,86.20000000000002,0.015824080007763076,1.6250399813360097,49.0,3.0
1382.0,8.0,67.69999999999999,0.015776607767739786,1.7317225337028503,32.0,1.0
1383.0,11.0,95.80000000000005,0.015729277944436567,1.638797155133,54.0,1.0
1384.0,16.0,144.2000000000002,0.01568209011060326,1.6028726895650227,75.0,3.0
1385.0,6.0,47.799999999999976,0.015635043840271447,1.569897409143119,29.0,2.0
1386.0,11.0,96.00000000000006,0.015588138708750632,1.63015810916057,52.0,5.0
1387.0,8.0,66.80000000000001,0.01554137429262438,1.6043410446585677,41.0,3.0
1388.0,9.0,77.29999999999998,0.015494750169746507,1.5854287018647064,37.0,3.0
1389.0,20.0,184.10000000000022,0.015448265919237267,1.6452749237418174,80.0,3.0
1390.0,10.0,86.20000000000005,0.015401921121479555,1.6506498468165496,49.0,3.0
1391.0,15.0,134.40000000000015,0.015355715358115116,1.6130158917771444,72.0,1.0
1392.0,8.0,67.80000000000001,0.01530964821204077,1.6856944138003933,31.0,3.0
1393.0,13.0,114.0000000000002,0.015263719267404649,1.6360473004547325,74.0,4.0
1394.0,10.0,87.00000000000007,0.015217928109602435,1.537167877685733,41.0,2.0
1395.0,9.0,76.80000000000007,0.015172274325273627,1.6865313961392356,42.0,4.0
1396.0,13.0,115.30000000000008,0.015126757502297807,1.5008328039138044,61.0,1.0
1397.0,11.0,94.0000000000002,0.015081377229790914,1.6154025230142806,72.0,9.0
1398.0,16.0,141.70000000000016,0.015036133098101541,1.629914448261261,100.0,3.0
1399.0,13.0,116.8000000000001,0.014991024698807236,1.6322100421656733,46.0,5.0
1400.0,9.0,76.9,0.014946051624710814,1.671477157895158,41.0,3.0
1401.0,16.0,142.9000000000003,0.014901213469836682,1.6403073167259044,88.0,1.0
1402.0,8.0,66.80000000000001,0.014856509829427171,1.6930311627504302,41.0,4.0
1403.0,15.0,134.10000000000016,0.01481194029993889,1.6666560316085814,75.0,8.0
1404.0,14.0,125.40000000000012,0.014767504479039073,1.6752184434015243,61.0,1.0
1405.0,9.0,76.20000000000007,0.014723201965601956,1.630866731206576,48.0,2.0
1406.0,9.0,75.50000000000003,0.014679032359705151,1.6733126770366322,55.0,3.0
1407.0,11.0,97.90000000000003,0.014634995262626035,1.595797957796039,33.0,1.0
1408.0,17.0,152.60000000000016,0.014591090276838158,1.6347621264665022,92.0,1.0
1409.0,10.0,86.50000000000007,0.014547317006007643,1.583602407704229,46.0,8.0
1410.0,9.0,76.20000000000007,0.01450367505498962,1.6918021415670712,48.0,4.0
1411.0,16.0,143.7000000000002,0.01446016402982465,1.6174621105194091,80.0,1.0
1412.0,21.0,190.10000000000048,0.014416783537735177,1.6093027128660975,121.0,12.0
1413.0,12.0,103.6000000000002,0.014373533187121972,1.6364352873393468,77.0,5.0
1414.0,12.0,105.70000000000007,0.014330412587560605,1.517947063914367,56.0,1.0
1415.0,16.0,143.10000000000022,0.014287421349797923,1.5757396006306936,86.0,4.0
1416.0,10.0,86.30000000000007,0.014244559085748528,1.5875391364097595,48.0,1.0
1417.0,15.0,132.70000000000024,0.014201825408491282,1.5461883993630998,89.0,11.0
1418.0,16.0,142.2000000000003,0.014159219932265809,1.6527372498261301,95.0,5.0
1419.0,13.0,116.70000000000014,0.01411674227246901,1.520644797923717,47.0,5.0
1420.0,15.0,133.60000000000028,0.014074392045651604,1.6285454615950585,80.0,10.0
1421.0,19.0,172.90000000000026,0.014032168869514649,1.8167633263619392,91.0,2.0
1422.0,9.0,77.19999999999999,0.013990072362906105,1.8050324101197093,38.0,1.0
1423.0,10.0,86.20000000000005,0.013948102145817386,1.7750968130267397,49.0,3.0
1424.0,1.0,-0.6999999999999993,0.013906257839379934,1.82190117571089,9.0,3.0
1425.0,18.0,162.50000000000026,0.013864539065861794,1.7611088828837618,94.0,2.0
1426.0,18.0,160.4000000000003,0.013822945448664208,1.8299328068028327,115.0,12.0
1427.0,13.0,113.60000000000018,0.013781476612318216,1.8393076046919212,78.0,3.0
1428.0,9.0,76.90000000000003,0.013740132182481261,1.6433593543564402,41.0,3.0
1429.0,13.0,114.40000000000012,0.013698911785933817,1.6145975368363517,70.0,3.0
1430.0,18.0,162.50000000000028,0.013657815050576016,1.5789610147476196,94.0,6.0
1431.0,5.0,38.09999999999998,0.013616841605424288,1.509639286994934,25.0,8.0
1432.0,25.0,232.1000000000003,0.013575991080608016,1.5297539830207825,105.0,4.0
1433.0,14.0,123.30000000000018,0.013535263107366191,1.5759373147313187,82.0,3.0
1434.0,12.0,103.60000000000014,0.013494657318044093,1.53251774744554,77.0,9.0
1435.0,2.0,9.0,0.01345417334608996,1.5847335457801819,13.0,3.0
1436.0,6.0,47.699999999999974,0.01341381082605169,1.7040629784266155,30.0,4.0
1437.0,11.0,95.10000000000014,0.013373569393573535,1.7109989768168965,61.0,4.0
1438.0,7.0,56.80000000000001,0.013333448685392815,1.7694883614778518,40.0,7.0
1439.0,9.0,75.90000000000005,0.013293448339336636,1.6991820452260036,51.0,5.0
1440.0,7.0,57.39999999999998,0.013253567994318627,1.6867456611465006,34.0,1.0
1441.0,13.0,115.40000000000012,0.013213807290335671,1.6962192098299662,60.0,6.0
1442.0,19.0,173.70000000000022,0.013174165868464665,1.6649194611124245,83.0,3.0
1443.0,8.0,67.10000000000001,0.01313464337085927,1.7167553838930631,38.0,4.0
1444.0,8.0,66.50000000000003,0.013095239440746692,1.697584550489079,44.0,3.0
1445.0,3.0,19.199999999999996,0.013055953722424452,1.890594224135081,12.0,3.0
1446.0,12.0,104.90000000000013,0.01301678586125718,1.8128486182540655,64.0,8.0
1447.0,13.0,116.70000000000007,0.012977735503673407,1.7842156354417191,47.0,3.0
1448.0,18.0,163.6000000000002,0.012938802297162388,1.8992301742714572,83.0,6.0
1449.0,13.0,114.90000000000019,0.0128999858902709,1.8215000959543082,65.0,6.0
1450.0,6.0,47.59999999999997,0.012861285932600088,1.8417618620780207,31.0,2.0
1451.0,16.0,143.3000000000002,0.012822702074802288,1.8128591889426822,84.0,5.0
1452.0,15.0,135.80000000000007,0.01278423396857788,1.8171621869350303,58.0,3.0
1453.0,16.0,144.1000000000002,0.012745881266672147,1.7642830735758732,76.0,1.0
1454.0,13.0,115.2000000000001,0.01270764362287213,1.8061532974243164,62.0,3.0
1455.0,3.0,18.099999999999987,0.012669520692003514,1.7891434016435042,23.0,5.0
1456.0,4.0,28.599999999999994,0.012631512129927504,1.7458749256635968,19.0,2.0
1457.0,12.0,106.50000000000003,0.01259361759353772,1.7707104658087094,48.0,2.0
1458.0,14.0,124.30000000000015,0.012555836740757107,1.7343668589989345,72.0,3.0
1459.0,8.0,67.0,0.012518169230534837,1.6688800836220765,39.0,5.0
1460.0,7.0,55.999999999999986,0.012480614722843232,1.6581793228785198,48.0,5.0
1461.0,12.0,104.60000000000014,0.012443172878674703,1.738835779588614,67.0,3.0
1462.0,11.0,96.10000000000007,0.01240584336003868,1.7290178537368774,51.0,3.0
1463.0,10.0,86.00000000000009,0.012368625829958563,1.7549841918197333,51.0,3.0
1464.0,16.0,143.80000000000018,0.012331519952468688,1.7394857980027985,79.0,4.0
1465.0,13.0,115.20000000000016,0.012294525392611283,1.6157800362956138,62.0,7.0
1466.0,25.0,228.40000000000055,0.012257641816433448,1.6321827832242133,142.0,3.0
1467.0,16.0,143.10000000000025,0.012220868890984149,1.6481486170790915,86.0,6.0
1468.0,21.0,192.8000000000003,0.012184206284311196,1.6330446854550789,94.0,2.0
1469.0,19.0,175.00000000000014,0.012147653665458263,1.5731929183006286,70.0,4.0
1470.0,14.0,123.90000000000015,0.012111210704461887,1.7520966843554848,76.0,4.0
1471.0,10.0,86.10000000000005,0.012074877072348502,1.8156549859046935,50.0,2.0
1472.0,18.0,159.30000000000035,0.012038652441131456,1.819493001415616,126.0,2.0
1473.0,10.0,86.60000000000002,0.012002536483808062,1.8706952280468412,45.0,3.0
1474.0,11.0,95.40000000000009,0.011966528874356638,1.799994121337759,58.0,2.0
1475.0,12.0,104.70000000000013,0.011930629287733568,1.7509418184107,66.0,5.0
1476.0,18.0,162.50000000000026,0.011894837399870368,1.7168568398090118,94.0,4.0
1477.0,8.0,67.99999999999999,0.011859152887670756,1.857208042309202,29.0,1.0
1478.0,13.0,114.90000000000015,0.011823575429007744,1.810209010197566,65.0,6.0
1479.0,10.0,86.60000000000005,0.01178810470272072,1.834762038124932,45.0,4.0
1480.0,17.0,155.10000000000016,0.011752740388612558,1.7732826631460616,67.0,7.0
1481.0,13.0,116.30000000000007,0.011717482167446721,1.8163192178688796,51.0,3.0
1482.0,13.0,115.00000000000014,0.01168232972094438,1.827917005866766,64.0,5.0
1483.0,17.0,152.80000000000024,0.011647282731781547,1.769776870144738,90.0,2.0
1484.0,8.0,66.30000000000004,0.011612340883586203,1.7123665550480718,46.0,6.0
1485.0,13.0,116.90000000000009,0.011577503860935444,1.6861552900738186,45.0,7.0
1486.0,10.0,86.40000000000006,0.011542771349352637,1.7132041707951973,47.0,6.0
1487.0,8.0,67.00000000000001,0.011508143035304579,1.6982738176981609,39.0,5.0
1488.0,14.0,124.00000000000014,0.011473618606198666,1.6775307321548463,75.0,2.0
1489.0,13.0,114.70000000000014,0.011439197750380069,1.7092122230956803,67.0,4.0
1490.0,11.0,94.7000000000001,0.011404880157128929,1.6609994319769052,65.0,5.0
1491.0,12.0,107.80000000000004,0.011370665516657542,1.679043299811227,35.0,1.0
1492.0,11.0,95.8000000000001,0.011336553520107569,1.7681004250491108,54.0,1.0
1493.0,10.0,85.00000000000011,0.011302543859547246,1.6873758132340477,61.0,2.0
1494.0,13.0,115.30000000000008,0.011268636227968604,1.6832136638828965,61.0,3.0
1495.0,17.0,152.70000000000022,0.011234830319284699,1.882349635218526,91.0,9.0
1496.0,24.0,221.9000000000003,0.011201125828326844,1.822808229698325,106.0,1.0
1497.0,17.0,153.1000000000002,0.011167522450841863,1.881433714395282,87.0,2.0
1498.0,10.0,84.90000000000009,0.011134019883489337,1.8474366107294637,62.0,10.0
1499.0,10.0,85.90000000000006,0.011100617823838869,1.9251961616369395,52.0,5.0
1500.0,17.0,153.00000000000026,0.011067315970367352,1.8892250535163013,88.0,5.0
1501.0,6.0,47.39999999999997,0.01103411402245625,1.8050656968897039,33.0,6.0
1502.0,14.0,126.10000000000011,0.01100101168038888,1.7685782975620694,54.0,3.0
1503.0,12.0,106.10000000000011,0.010968008645347714,1.8231304792257457,52.0,6.0
1504.0,11.0,96.20000000000002,0.01093510461941167,1.7235868930816651,50.0,1.0
1505.0,4.0,27.69999999999999,0.010902299305553436,1.7285682559013367,28.0,3.0
1506.0,12.0,105.40000000000012,0.010869592407636776,1.759787870665728,59.0,8.0
1507.0,6.0,47.59999999999997,0.010836983630413865,1.829181936479384,31.0,3.0
1508.0,10.0,87.50000000000003,0.010804472679522623,1.737610701057646,36.0,3.0
1509.0,12.0,103.40000000000015,0.010772059261484055,1.7748671377761454,79.0,5.0
1510.0,6.0,47.39999999999997,0.010739743083699604,1.7872400030945286,33.0,8.0
1511.0,15.0,134.2000000000002,0.010707523854448505,1.8239686827401858,74.0,6.0
1512.0,5.0,38.199999999999996,0.010675401282885159,1.716647783915202,24.0,2.0
1513.0,10.0,86.50000000000007,0.010643375079036503,1.7238011334253394,46.0,5.0
1514.0,12.0,104.7000000000001,0.010611444953799393,1.7136592178633718,66.0,9.0
1515.0,10.0,86.70000000000006,0.010579610618937994,1.6635462993925267,44.0,7.0
1516.0,11.0,96.00000000000006,0.01054787178708118,1.7623787315992208,52.0,3.0
1517.0,12.0,106.00000000000007,0.010516228171719936,1.6895018388640206,53.0,3.0
1518.0,12.0,103.80000000000013,0.010484679487204777,1.7215934944152833,75.0,5.0
1519.0,12.0,107.00000000000006,0.010453225448743162,1.6754037058630655,43.0,4.0
1520.0,9.0,77.30000000000005,0.010421865772396934,1.6073666939864288,37.0,3.0
1521.0,7.0,57.19999999999999,0.010390600175079742,1.7294966181119282,36.0,3.0
1522.0,10.0,86.40000000000003,0.010359428374554502,1.890420216195127,47.0,5.0
1523.0,14.0,124.90000000000006,0.01032835008943084,1.946610253868681,66.0,2.0
1524.0,14.0,124.80000000000018,0.010297365039162548,1.9355327709397274,67.0,6.0
1525.0,7.0,58.099999999999994,0.01026647294404506,1.9196114981615986,27.0,2.0
1526.0,10.0,85.60000000000007,0.010235673525212924,1.9660874886946245,55.0,10.0
1527.0,16.0,143.60000000000014,0.010204966504637286,1.9807134204440646,81.0,2.0
1528.0,12.0,107.20000000000005,0.010174351605123375,1.990328675363122,41.0,1.0
1529.0,18.0,163.50000000000023,0.010143828550308005,2.002357299838747,84.0,8.0
1530.0,12.0,105.60000000000011,0.01011339706465708,1.9714802064393695,57.0,5.0
1531.0,4.0,28.89999999999999,0.010083056873463109,1.800626389682293,16.0,3.0
1532.0,9.0,76.60000000000005,0.01005280770284272,1.8610197305679321,44.0,8.0
1533.0,23.0,209.40000000000038,0.010022649279734192,1.7758515412990863,130.0,4.0
1534.0,14.0,125.90000000000009,0.01,1.7492409305913108,56.0,2.0
1535.0,8.0,65.7000000000001,0.01,1.8274396910117223,52.0,10.0
1536.0,4.0,28.899999999999984,0.01,1.7950021401047707,16.0,6.0
1537.0,5.0,38.39999999999999,0.01,1.822648752819408,22.0,5.0
1538.0,8.0,68.29999999999998,0.01,1.6819186164782598,26.0,1.0
1539.0,8.0,67.20000000000002,0.01,1.7814178499015603,37.0,4.0
1540.0,10.0,85.50000000000003,0.01,1.7608771068709237,56.0,4.0
1541.0,16.0,141.90000000000032,0.01,1.9573119489514097,98.0,7.0
1542.0,9.0,77.30000000000001,0.01,2.0854636656271444,37.0,3.0
1543.0,8.0,66.40000000000003,0.01,2.010723034540812,45.0,4.0
1544.0,5.0,38.699999999999996,0.01,2.076824056474786,19.0,4.0
1545.0,5.0,38.69999999999999,0.01,2.0625506263030204,19.0,2.0
1546.0,3.0,18.89999999999999,0.01,1.9979936520258585,15.0,2.0
1547.0,13.0,112.80000000000021,0.01,2.0040308140044987,86.0,5.0
1548.0,11.0,97.00000000000006,0.01,2.0417793563434055,42.0,5.0
1549.0,10.0,86.80000000000004,0.01,2.0185253620147705,43.0,1.0
1550.0,10.0,87.00000000000003,0.01,1.9841268469647664,41.0,3.0
1551.0,7.0,57.3,0.01,2.0560507195336477,35.0,5.0
1552.0,12.0,106.40000000000008,0.01,2.0383522461871713,49.0,4.0
1553.0,13.0,114.0000000000002,0.01,1.8396552897788383,74.0,5.0
1554.0,8.0,65.69999999999999,0.01,1.8009913655427785,52.0,5.0
1555.0,4.0,29.6,0.01,1.6981707016626995,9.0,1.0
1556.0,12.0,105.80000000000007,0.01,1.7937791152433915,55.0,2.0
1557.0,5.0,38.79999999999999,0.01,1.6657136877377827,18.0,2.0
1558.0,10.0,84.60000000000005,0.01,1.7543000624730036,65.0,5.0
1559.0,15.0,133.20000000000022,0.01,1.800784787961415,84.0,5.0
1560.0,17.0,153.00000000000023,0.01,1.7418867945671082,88.0,8.0
1561.0,10.0,87.10000000000005,0.01,1.7840033024549484,40.0,3.0
1562.0,16.0,142.70000000000027,0.01,1.798658397462633,90.0,5.0
1563.0,14.0,126.00000000000011,0.01,1.8951853340322322,55.0,3.0
1564.0,14.0,124.90000000000012,0.01,1.8875911488677517,66.0,6.0
1565.0,21.0,190.8000000000004,0.01,1.8739536571920963,114.0,9.0
1566.0,5.0,37.999999999999986,0.01,1.8445732914484465,26.0,4.0
1567.0,16.0,145.50000000000017,0.01,1.8464988758487086,62.0,5.0
1568.0,14.0,122.80000000000024,0.01,1.83559377577113,87.0,4.0
1569.0,16.0,141.5000000000003,0.01,1.7845427744528826,102.0,10.0
1570.0,18.0,161.30000000000032,0.01,1.774468089049717,106.0,2.0
1571.0,7.0,58.39999999999999,0.01,1.7406608213980992,24.0,2.0
1572.0,13.0,115.40000000000015,0.01,1.8573742628097534,60.0,3.0
1573.0,13.0,114.20000000000022,0.01,1.8240648342503443,72.0,3.0
1574.0,14.0,124.00000000000014,0.01,1.7788239860534667,75.0,1.0
1575.0,12.0,104.40000000000012,0.01,1.8558329326519067,69.0,7.0
1576.0,12.0,104.90000000000018,0.01,2.0445270854979753,64.0,11.0
1577.0,12.0,106.50000000000004,0.01,2.075115936497847,48.0,3.0
1578.0,10.0,85.60000000000002,0.01,2.107610745863481,55.0,3.0
1579.0,9.0,77.69999999999999,0.01,2.2345772114667026,33.0,3.0
1580.0,6.0,48.499999999999986,0.01,2.0327494740486145,22.0,2.0
1581.0,11.0,94.20000000000013,0.01,2.136913001537323,70.0,3.0
1582.0,13.0,116.00000000000006,0.01,2.0954674636876143,54.0,3.0
1583.0,10.0,85.30000000000007,0.01,1.996111224437582,58.0,6.0
1584.0,9.0,76.8,0.01,2.039803933529627,42.0,2.0
1585.0,13.0,114.8000000000002,0.01,2.110564071120638,66.0,4.0
1586.0,19.0,172.6000000000003,0.01,1.7220378112285695,94.0,2.0
1587.0,11.0,95.40000000000009,0.01,1.7340951561927795,58.0,4.0
1588.0,9.0,77.9,0.01,1.612537314814906,31.0,1.0
1589.0,6.0,48.299999999999976,0.01,1.684832861026128,24.0,3.0
1590.0,6.0,48.09999999999998,0.01,1.719719717135796,26.0,3.0
1591.0,2.0,9.5,0.01,1.7357041984796524,8.0,3.0
1592.0,11.0,97.60000000000007,0.01,1.7056547701358795,36.0,5.0
1593.0,12.0,105.20000000000013,0.01,1.6350931867224272,61.0,4.0
1594.0,14.0,124.20000000000013,0.01,1.6922570826256111,73.0,6.0
1595.0,4.0,27.999999999999986,0.01,1.686948208808899,25.0,3.0
1596.0,15.0,134.20000000000016,0.01,1.820773804509962,74.0,1.0
1597.0,11.0,94.20000000000016,0.01,2.052759155205318,70.0,5.0
1598.0,3.0,19.199999999999996,0.01,2.086227754751841,12.0,2.0
1599.0,14.0,125.0000000000002,0.01,2.0385576156469494,65.0,9.0
1600.0,15.0,132.30000000000024,0.01,2.031817311881691,93.0,5.0
1601.0,5.0,38.69999999999999,0.01,1.9274253092314069,19.0,2.0
1602.0,11.0,95.70000000000005,0.01,1.9947432886470449,55.0,3.0
1603.0,6.0,48.29999999999999,0.01,2.1368167201677957,24.0,1.0
1604.0,13.0,114.60000000000011,0.01,2.0641464117695305,68.0,13.0
1605.0,9.0,77.00000000000001,0.01,2.087033933401108,40.0,3.0
1606.0,8.0,67.30000000000003,0.01,2.2072473300827875,36.0,3.0
1607.0,16.0,143.50000000000017,0.01,1.9270358318235816,82.0,1.0
1608.0,6.0,48.499999999999986,0.01,1.9303288026289507,22.0,2.0
1609.0,2.0,9.399999999999999,0.01,1.9915976921717327,9.0,2.0
1610.0,12.0,105.00000000000011,0.01,1.9269566990080333,63.0,8.0
1611.0,16.0,144.30000000000013,0.01,1.9140561335795634,74.0,4.0
1612.0,1.0,-0.9999999999999982,0.01,2.031820595264435,12.0,6.0
1613.0,22.0,202.2000000000003,0.01,1.8586896079601627,101.0,5.0
1614.0,2.0,9.499999999999996,0.01,2.079841822385788,8.0,3.0
1615.0,14.0,125.8000000000001,0.01,1.896990313864591,57.0,2.0
1616.0,6.0,46.89999999999998,0.01,1.826124878306138,38.0,10.0
1617.0,7.0,57.69999999999999,0.01,2.009992503350781,31.0,3.0
1618.0,11.0,96.40000000000009,0.01,1.8707011913259823,48.0,4.0
1619.0,9.0,76.40000000000006,0.01,1.6998481880063596,46.0,10.0
1620.0,15.0,134.50000000000009,0.01,1.7046141876301295,71.0,2.0
1621.0,15.0,133.40000000000023,0.01,1.7105815076246493,82.0,3.0
1622.0,14.0,124.30000000000021,0.01,1.7847851349247827,72.0,2.0
1623.0,8.0,66.89999999999998,0.01,1.7861152738332748,40.0,1.0
1624.0,18.0,161.10000000000028,0.01,1.7147855758666992,108.0,15.0
1625.0,8.0,65.6,0.01,1.830588826593363,53.0,4.0
1626.0,6.0,48.69999999999999,0.01,1.9914513766765594,20.0,3.0
1627.0,7.0,57.19999999999999,0.01,2.00787952542305,36.0,3.0
1628.0,6.0,47.59999999999997,0.01,1.9666584076419953,31.0,4.0
1629.0,8.0,67.49999999999997,0.01,1.9556037503130295,34.0,2.0
1630.0,14.0,123.30000000000018,0.01,2.0237120389938354,82.0,4.0
1631.0,4.0,28.999999999999993,0.01,2.0888702313105267,15.0,2.0
1632.0,13.0,117.20000000000007,0.01,1.971357232048398,42.0,1.0
1633.0,15.0,133.20000000000022,0.01,2.0535769845758165,84.0,6.0
1634.0,9.0,76.60000000000002,0.01,2.0247999185865577,44.0,4.0
1635.0,14.0,125.20000000000016,0.01,1.9753893292139446,63.0,4.0
1636.0,19.0,173.10000000000028,0.01,1.9887813249330841,89.0,3.0
1637.0,9.0,77.10000000000005,0.01,1.9654564888049395,39.0,4.0
1638.0,8.0,67.99999999999997,0.01,1.810192112264962,29.0,1.0
1639.0,12.0,105.90000000000012,0.01,1.8212721060823511,54.0,3.0
1640.0,11.0,95.70000000000007,0.01,1.936221467364918,55.0,5.0
1641.0,11.0,95.70000000000014,0.01,1.9328896500847557,55.0,1.0
1642.0,12.0,104.90000000000012,0.01,1.8802378084510565,64.0,4.0
1643.0,20.0,183.2000000000002,0.01,1.9078411038002272,89.0,2.0
1644.0,17.0,152.80000000000018,0.01,1.9339386767811246,90.0,1.0
1645.0,16.0,143.40000000000026,0.01,1.9750570489699582,83.0,4.0
1646.0,12.0,105.20000000000005,0.01,1.9297554961970595,61.0,8.0
1647.0,8.0,67.30000000000001,0.01,1.839229706260893,36.0,4.0
1648.0,16.0,142.40000000000023,0.01,1.9257725425945815,93.0,4.0
1649.0,15.0,135.30000000000013,0.01,1.9187054823315333,63.0,1.0
1650.0,11.0,96.30000000000013,0.01,1.9912334656228825,49.0,12.0
1651.0,9.0,77.20000000000005,0.01,1.9637751265576011,38.0,3.0
1652.0,10.0,86.60000000000011,0.01,2.027436555756463,45.0,6.0
1653.0,18.0,163.7000000000002,0.01,1.788193677983633,82.0,3.0
1654.0,6.0,47.29999999999996,0.01,1.7599031153847189,34.0,4.0
1655.0,14.0,125.3000000000001,0.01,1.8294935649441135,62.0,4.0
1656.0,12.0,106.00000000000007,0.01,1.6892570774510223,53.0,1.0
1657.0,13.0,115.8000000000001,0.01,1.7669833962406432,56.0,7.0
1658.0,23.0,210.8000000000003,0.01,1.773584275410093,116.0,2.0
1659.0,13.0,116.00000000000006,0.01,1.7426389102582578,54.0,6.0
1660.0,24.0,222.60000000000034,0.01,2.031277825133969,99.0,1.0
1661.0,10.0,86.60000000000008,0.01,2.0378969563378226,45.0,3.0
1662.0,15.0,135.90000000000012,0.01,2.1289194048496713,57.0,1.0
1663.0,12.0,105.80000000000005,0.01,2.114953489737077,55.0,5.0
1664.0,10.0,85.80000000000007,0.01,2.046595481206786,53.0,3.0
1665.0,10.0,86.99999999999999,0.01,2.1616609474507773,41.0,1.0
1666.0,8.0,66.9,0.01,2.2334319323301317,40.0,6.0
1667.0,8.0,65.6,0.01,2.1028213973315255,53.0,3.0
1668.0,6.0,48.399999999999984,0.01,2.191603738328685,23.0,4.0
1669.0,10.0,86.10000000000004,0.01,2.024670159816742,50.0,2.0
1670.0,14.0,123.00000000000023,0.01,1.8857706701054293,85.0,11.0
1671.0,8.0,67.0,0.01,1.8425362354669816,39.0,2.0
1672.0,11.0,93.80000000000015,0.01,1.7359628202141941,74.0,3.0
1673.0,10.0,86.60000000000002,0.01,1.818550205230713,45.0,2.0
1674.0,11.0,95.60000000000007,0.01,1.8061387496335166,56.0,3.0
1675.0,17.0,154.40000000000018,0.01,1.8457044298584397,74.0,3.0
1676.0,9.0,75.90000000000006,0.01,1.6879825755661608,51.0,3.0
1677.0,16.0,144.20000000000024,0.01,1.8380645211537678,75.0,6.0
1678.0,11.0,97.10000000000002,0.01,1.8542166773865862,41.0,2.0
1679.0,16.0,142.2000000000003,0.01,1.9094985422335173,95.0,6.0
1680.0,17.0,152.80000000000027,0.01,1.8861539800961813,90.0,9.0
1681.0,23.0,211.5000000000004,0.01,1.874023998549225,109.0,3.0
1682.0,9.0,76.90000000000003,0.01,2.029444528789055,41.0,6.0
1683.0,10.0,86.60000000000004,0.01,2.017112610075209,45.0,1.0
1684.0,19.0,173.10000000000025,0.01,1.8649430917889884,89.0,1.0
1685.0,18.0,164.10000000000014,0.01,1.9148956262148344,78.0,4.0
1686.0,8.0,67.00000000000001,0.01,1.9456459864591942,39.0,6.0
1687.0,19.0,170.80000000000044,0.01,1.9911161490849085,112.0,4.0
1688.0,10.0,86.2000000000001,0.01,1.883006993605166,49.0,5.0
1689.0,10.0,85.40000000000006,0.01,1.96302106296807,57.0,6.0
1690.0,11.0,93.90000000000012,0.01,1.9547204693702802,73.0,3.0
1691.0,12.0,105.7000000000001,0.01,1.9483361010040556,56.0,4.0
1692.0,18.0,160.7000000000003,0.01,1.8678472584911756,112.0,1.0
1693.0,10.0,86.40000000000008,0.01,1.8355647198697354,47.0,4.0
1694.0,15.0,134.60000000000016,0.01,1.7923471740313939,70.0,3.0
1695.0,6.0,47.49999999999998,0.01,1.7556882686913013,32.0,1.0
1696.0,12.0,104.00000000000016,0.01,1.8014858569184395,73.0,6.0
1697.0,8.0,66.29999999999998,0.01,1.7057068995807483,46.0,2.0
1698.0,14.0,124.20000000000016,0.01,1.9094639559314674,73.0,6.0
1699.0,13.0,114.9000000000001,0.01,1.7709528317818275,65.0,2.0
1700.0,7.0,57.79999999999998,0.01,1.778356130917867,30.0,2.0
1701.0,15.0,135.6000000000001,0.01,2.047178328037262,60.0,5.0
1702.0,12.0,104.40000000000015,0.01,2.056018834528716,69.0,9.0
1703.0,14.0,125.30000000000004,0.01,2.0537381460589748,62.0,5.0
1704.0,11.0,95.40000000000005,0.01,2.0927382707595825,58.0,3.0
1705.0,10.0,86.10000000000005,0.01,2.0400107645988466,50.0,6.0
1706.0,17.0,152.70000000000024,0.01,2.060313947908171,91.0,4.0
1707.0,12.0,105.00000000000009,0.01,2.0884247110003518,63.0,3.0
1708.0,3.0,18.499999999999986,0.01,2.149765447566384,19.0,8.0
1709.0,8.0,66.80000000000003,0.01,2.130307680223046,41.0,4.0
1710.0,8.0,67.6,0.01,1.9667957009691182,33.0,3.0
1711.0,13.0,113.30000000000024,0.01,1.87851549225089,81.0,14.0
1712.0,12.0,106.30000000000004,0.01,1.878486602306366,50.0,6.0
1713.0,10.0,88.10000000000001,0.01,1.9143279671669007,30.0,3.0
1714.0,13.0,114.7000000000001,0.01,1.9189448783646768,67.0,5.0
1715.0,19.0,171.60000000000025,0.01,1.9415560124012141,104.0,4.0
1716.0,10.0,85.60000000000007,0.01,1.903972567211498,55.0,3.0
1717.0,10.0,85.50000000000009,0.01,2.033489227294922,56.0,3.0
1718.0,14.0,125.10000000000011,0.01,2.034536423161626,64.0,2.0
1719.0,20.0,183.3000000000002,0.01,1.9913279441269962,88.0,5.0
1720.0,6.0,47.899999999999984,0.01,2.0587546867983684,28.0,1.0
1721.0,8.0,65.6,0.01,2.122823074178876,53.0,5.0
1722.0,4.0,28.39999999999999,0.01,1.9699162074497767,21.0,1.0
1723.0,8.0,66.9,0.01,2.0356222808361055,40.0,4.0
1724.0,10.0,87.30000000000004,0.01,2.0718534400588586,38.0,6.0
1725.0,12.0,105.00000000000014,0.01,2.080981383247981,63.0,4.0
1726.0,15.0,134.80000000000013,0.01,2.033795456675922,68.0,2.0
1727.0,21.0,189.5000000000004,0.01,2.0735741168495236,127.0,4.0
1728.0,12.0,106.10000000000008,0.01,1.9827062212503874,52.0,4.0
1729.0,14.0,124.50000000000011,0.01,1.995982916014535,70.0,6.0
1730.0,3.0,18.799999999999997,0.01,2.0002975091338158,16.0,2.0
1731.0,8.0,65.4,0.01,2.0067924066023393,55.0,8.0
1732.0,22.0,202.60000000000028,0.01,2.0113410310646924,97.0,4.0
1733.0,10.0,87.20000000000005,0.01,2.0093168937242947,39.0,1.0
1734.0,9.0,77.2,0.01,1.9913260026981956,38.0,4.0
1735.0,6.0,47.09999999999997,0.01,2.041682610909144,36.0,5.0
1736.0,12.0,105.1000000000001,0.01,2.0095796335128044,62.0,1.0
1737.0,12.0,106.60000000000007,0.01,2.106790453829664,47.0,3.0
1738.0,12.0,105.80000000000007,0.01,2.0058674833991312,55.0,5.0
1739.0,21.0,192.50000000000028,0.01,2.1323200083270515,97.0,1.0
1740.0,7.0,58.499999999999986,0.01,2.025135605231575,23.0,1.0
1741.0,20.0,181.90000000000038,0.01,2.0320127688202203,102.0,4.0
1742.0,13.0,113.70000000000016,0.01,2.084024104205045,77.0,6.0
1743.0,15.0,133.70000000000016,0.01,1.9934559260742575,79.0,5.0
1744.0,7.0,55.5,0.01,1.836993986705564,53.0,8.0
1745.0,19.0,174.3000000000002,0.01,1.8488090177635095,77.0,3.0
1746.0,17.0,151.0000000000003,0.01,1.8220503021169592,108.0,3.0
1747.0,9.0,77.39999999999998,0.01,1.8405907385879092,36.0,1.0
1748.0,10.0,87.00000000000004,0.01,1.8035116021226092,41.0,2.0
1749.0,12.0,105.60000000000008,0.01,1.8203772201872708,57.0,1.0
1750.0,16.0,144.90000000000015,0.01,1.7916750171605278,68.0,3.0
1751.0,17.0,153.30000000000024,0.01,1.968957983746248,85.0,2.0
1752.0,7.0,57.09999999999998,0.01,2.1633067098823755,37.0,3.0
1753.0,12.0,105.00000000000016,0.01,2.200360693628826,63.0,5.0
1754.0,14.0,124.20000000000019,0.01,2.162110877363649,73.0,12.0
1755.0,15.0,131.7000000000003,0.01,2.0391430613970516,99.0,12.0
1756.0,17.0,153.90000000000018,0.01,2.138896878761581,79.0,1.0
1757.0,15.0,135.00000000000017,0.01,2.097881783138622,66.0,8.0
1758.0,13.0,116.70000000000007,0.01,2.164392390149705,47.0,2.0
1759.0,10.0,86.80000000000004,0.01,2.030217999635741,43.0,3.0
1760.0,12.0,106.80000000000007,0.01,2.0473810699250965,45.0,6.0
1761.0,25.0,232.9000000000003,0.01,2.05989690416867,97.0,1.0
1762.0,13.0,115.20000000000007,0.01,2.0066015701140127,62.0,2.0
1763.0,15.0,135.30000000000013,0.01,2.002457085109892,63.0,8.0
1764.0,14.0,124.0000000000002,0.01,1.9846325747172038,75.0,3.0
1765.0,12.0,104.50000000000006,0.01,2.1198813564637127,68.0,1.0
1766.0,12.0,106.00000000000011,0.01,2.1119296933120153,53.0,1.0
1767.0,10.0,86.60000000000008,0.01,2.0032450411054823,45.0,4.0
1768.0,8.0,67.40000000000002,0.01,1.9745756762368338,35.0,3.0
1769.0,12.0,105.80000000000005,0.01,2.016047794168646,55.0,2.0
1770.0,16.0,143.0000000000002,0.01,1.983325900702641,87.0,3.0
1771.0,10.0,86.40000000000006,0.01,1.937373922226277,47.0,3.0
1772.0,3.0,18.399999999999984,0.01,2.1230068266391755,20.0,8.0
1773.0,20.0,185.7000000000001,0.01,2.0005801673978567,64.0,1.0
1774.0,15.0,134.60000000000008,0.01,2.0152536153793337,70.0,7.0
1775.0,1.0,-0.40000000000000036,0.01,2.067262331644694,6.0,1.0
1776.0,8.0,67.00000000000003,0.01,2.0104904083105235,39.0,3.0
1777.0,17.0,153.60000000000025,0.01,2.1136379779838936,82.0,3.0
1778.0,12.0,104.00000000000017,0.01,2.126904497407887,73.0,5.0
1779.0,15.0,135.60000000000008,0.01,2.079410618543625,60.0,2.0
1780.0,12.0,105.3000000000001,0.01,2.075905841588974,60.0,6.0
1781.0,12.0,106.2000000000001,0.01,2.206442629589754,51.0,1.0
1782.0,18.0,163.10000000000028,0.01,2.153205704959956,88.0,3.0
1783.0,22.0,201.30000000000032,0.01,2.136511255394329,110.0,1.0
1784.0,8.0,67.1,0.01,1.8667719207311932,38.0,3.0
1785.0,14.0,125.00000000000014,0.01,1.784883532157311,65.0,2.0
1786.0,5.0,38.29999999999998,0.01,1.8376233525898145,23.0,2.0
1787.0,11.0,96.10000000000011,0.01,1.7987111292633355,51.0,4.0
1788.0,8.0,67.9,0.01,1.8437172055244446,30.0,1.0
1789.0,1.0,-0.4999999999999982,0.01,1.7963828529630388,7.0,4.0
1790.0,8.0,67.8,0.01,1.7915378232156076,31.0,1.0
1791.0,23.0,213.10000000000022,0.01,1.8214841632432834,93.0,3.0
1792.0,18.0,162.2000000000002,0.01,1.8486517975010823,97.0,5.0
1793.0,13.0,113.4000000000002,0.01,1.9422351583838462,80.0,10.0
1794.0,11.0,96.90000000000005,0.01,2.1485718987708866,43.0,4.0
1795.0,15.0,133.9000000000002,0.01,2.0920185841523207,77.0,8.0
1796.0,12.0,106.00000000000011,0.01,2.0891476104844293,53.0,2.0
1797.0,2.0,9.100000000000001,0.01,2.0103208124637604,12.0,2.0
1798.0,14.0,124.50000000000014,0.01,2.135255581992013,70.0,6.0
1799.0,16.0,145.40000000000012,0.01,2.0757434027535573,63.0,1.0
1800.0,9.0,76.70000000000003,0.01,2.0871389466662738,43.0,2.0
1801.0,8.0,67.69999999999999,0.01,2.0764112323522568,32.0,2.0
1802.0,13.0,115.20000000000016,0.01,2.0546760078399413,62.0,5.0
1803.0,12.0,105.30000000000003,0.01,2.1922606408596037,60.0,3.0
1804.0,19.0,174.80000000000015,0.01,2.1176423645681806,72.0,1.0
1805.0,18.0,161.3000000000003,0.01,2.15894412657,106.0,4.0
1806.0,9.0,77.50000000000003,0.01,2.1296592848641533,35.0,2.0
1807.0,10.0,87.10000000000008,0.01,2.197232776880264,40.0,4.0
1808.0,19.0,174.30000000000018,0.01,2.1435581646956408,77.0,1.0
1809.0,21.0,192.10000000000028,0.01,2.110903077786512,101.0,5.0
1810.0,10.0,86.50000000000011,0.01,2.051981322143389,46.0,5.0
1811.0,12.0,106.60000000000005,0.01,1.7756362265728889,47.0,1.0
1812.0,20.0,185.1000000000002,0.01,1.8215341925621034,70.0,11.0
1813.0,20.0,180.90000000000032,0.01,1.8009179053562028,112.0,1.0
1814.0,9.0,77.80000000000001,0.01,1.8643806725740433,32.0,1.0
1815.0,10.0,84.6000000000001,0.01,1.7927574451153094,65.0,8.0
1816.0,21.0,190.6000000000003,0.01,1.8458755930949902,116.0,3.0
1817.0,22.0,200.90000000000043,0.01,1.9887359184131288,114.0,6.0
1818.0,5.0,38.69999999999999,0.01,2.233375668525696,19.0,1.0
1819.0,7.0,58.400000000000006,0.01,2.0623122105995813,24.0,3.0
1820.0,10.0,85.70000000000005,0.01,2.182283266826912,54.0,3.0
1821.0,9.0,77.00000000000003,0.01,2.1944304317235948,40.0,1.0
1822.0,12.0,105.50000000000009,0.01,2.1968955253732614,58.0,7.0
1823.0,18.0,165.30000000000013,0.01,2.094136953353882,66.0,2.0
1824.0,15.0,134.90000000000015,0.01,2.1268777509233843,67.0,2.0
1825.0,14.0,124.40000000000015,0.01,2.155700861568182,71.0,5.0
1826.0,13.0,111.70000000000022,0.01,2.155284891423491,97.0,8.0
1827.0,13.0,115.3000000000001,0.01,2.1964528853776026,61.0,1.0
1828.0,6.0,47.19999999999997,0.01,2.212170083182199,35.0,5.0
1829.0,17.0,152.9000000000003,0.01,2.225772802749377,89.0,8.0
1830.0,9.0,77.10000000000002,0.01,2.121311658468002,39.0,3.0
1831.0,18.0,163.7000000000002,0.01,2.1892446541204684,82.0,4.0
1832.0,10.0,86.69999999999999,0.01,2.1861802583391015,44.0,2.0
1833.0,16.0,142.50000000000028,0.01,2.178805112838745,92.0,7.0
1834.0,22.0,202.20000000000027,0.01,1.9494564096526343,101.0,8.0
1835.0,24.0,220.90000000000032,0.01,1.9784583305490429,116.0,3.0
1836.0,10.0,87.00000000000006,0.01,2.0187496790071813,41.0,4.0
1837.0,11.0,94.7000000000001,0.01,1.877125780399029,65.0,5.0
1838.0,13.0,115.10000000000008,0.01,1.8883495141589453,63.0,2.0
1839.0,14.0,125.50000000000014,0.01,1.9643197814623514,60.0,4.0
1840.0,18.0,164.00000000000017,0.01,1.9919234574595583,79.0,1.0
1841.0,13.0,114.90000000000012,0.01,2.172376585006714,65.0,8.0
1842.0,18.0,163.6000000000002,0.01,2.0099701608519958,83.0,4.0
1843.0,9.0,76.20000000000002,0.01,2.0589340602358184,48.0,1.0
1844.0,10.0,87.40000000000005,0.01,2.1613904946559184,37.0,4.0
1845.0,13.0,113.50000000000016,0.01,2.1045619943473914,79.0,3.0
1846.0,9.0,76.50000000000003,0.01,2.0636136054992678,45.0,9.0
1847.0,8.0,67.50000000000003,0.01,2.103655341793509,34.0,5.0
1848.0,8.0,66.10000000000002,0.01,2.184452553590139,48.0,3.0
1849.0,5.0,38.89999999999999,0.01,2.0434842109680176,17.0,2.0
1850.0,12.0,105.20000000000009,0.01,1.9561848757696934,61.0,1.0
1851.0,2.0,9.2,0.01,1.865566687150435,11.0,2.0
1852.0,12.0,106.60000000000011,0.01,1.8124262551043897,47.0,3.0
1853.0,2.0,8.899999999999999,0.01,1.8175497821399145,14.0,3.0
1854.0,12.0,105.80000000000004,0.01,1.8457431576468728,55.0,2.0
1855.0,11.0,95.40000000000009,0.01,1.8459747762515628,58.0,5.0
1856.0,11.0,97.10000000000007,0.01,1.8606612798644275,41.0,3.0
1857.0,16.0,142.30000000000027,0.01,1.849277009355261,94.0,10.0
1858.0,8.0,65.70000000000002,0.01,1.8549555906882653,52.0,5.0
1859.0,18.0,162.40000000000023,0.01,1.8851559024108084,95.0,4.0
1860.0,9.0,76.80000000000004,0.01,2.097859428042457,42.0,5.0
1861.0,9.0,76.50000000000009,0.01,2.0745458788341944,45.0,2.0
1862.0,12.0,103.80000000000013,0.01,2.1088172976175943,75.0,14.0
1863.0,12.0,104.90000000000012,0.01,2.152794510126114,64.0,7.0
1864.0,10.0,85.20000000000012,0.01,2.1302400948637623,59.0,5.0
1865.0,11.0,94.70000000000012,0.01,2.1246018281349768,65.0,5.0
1866.0,9.0,76.40000000000003,0.01,2.1062298676242,46.0,2.0
1867.0,25.0,230.0000000000004,0.01,2.1383945960847157,126.0,2.0
1868.0,15.0,134.30000000000018,0.01,2.0828887403827823,73.0,8.0
1869.0,12.0,105.50000000000009,0.01,2.0982300289745988,58.0,1.0
1870.0,10.0,86.90000000000003,0.01,2.0884372222991217,42.0,5.0
1871.0,21.0,191.00000000000034,0.01,2.0458597764372826,112.0,4.0
1872.0,20.0,180.70000000000024,0.01,2.1046493523999263,114.0,2.0
1873.0,12.0,104.60000000000012,0.01,2.0785449191705503,67.0,4.0
1874.0,6.0,47.09999999999997,0.01,2.067820499340693,36.0,6.0
1875.0,10.0,85.10000000000011,0.01,2.1466020166873934,60.0,8.0
1876.0,17.0,154.10000000000016,0.01,2.1565115343440664,77.0,1.0
1877.0,6.0,48.29999999999998,0.01,2.065828005472819,24.0,5.0
1878.0,16.0,142.80000000000024,0.01,2.0820495466168008,89.0,2.0
1879.0,15.0,132.00000000000028,0.01,2.1556933696071305,96.0,5.0
1880.0,3.0,19.39999999999999,0.01,2.1298750042915344,10.0,4.0
1881.0,4.0,28.599999999999994,0.01,2.0555675657171952,19.0,2.0
1882.0,2.0,9.7,0.01,1.7932877739270527,6.0,1.0
1883.0,12.0,106.2000000000001,0.01,2.1587159657010844,51.0,4.0
1884.0,16.0,141.7000000000003,0.01,2.145137319564819,100.0,7.0
1885.0,10.0,86.40000000000006,0.01,2.1860295026860337,47.0,8.0
1886.0,12.0,104.00000000000014,0.01,2.2775714070829625,73.0,5.0
1887.0,21.0,192.0000000000003,0.01,2.290444430182962,102.0,2.0
1888.0,14.0,123.00000000000017,0.01,2.2873259782791138,85.0,1.0
1889.0,11.0,95.60000000000008,0.01,2.257520156247275,56.0,5.0
1890.0,9.0,76.69999999999999,0.01,2.1640239482702213,43.0,1.0
1891.0,13.0,114.90000000000016,0.01,2.1964966425528893,65.0,3.0
1892.0,11.0,95.20000000000009,0.01,2.1134245812892916,60.0,7.0
1893.0,10.0,86.00000000000003,0.01,2.015322827825359,51.0,1.0
1894.0,18.0,163.40000000000023,0.01,2.1217390326892627,85.0,6.0
1895.0,5.0,38.9,0.01,2.01573042308583,17.0,1.0
1896.0,1.0,-0.40000000000000036,0.01,1.9304449955622356,6.0,1.0
1897.0,11.0,94.1000000000001,0.01,2.07020880806614,71.0,6.0
1898.0,12.0,105.50000000000009,0.01,2.0663070000451187,58.0,3.0
1899.0,16.0,144.5000000000002,0.01,2.093157019880083,72.0,1.0
1900.0,13.0,116.00000000000006,0.01,2.03532741467158,54.0,4.0
1901.0,14.0,122.20000000000024,0.01,2.144471591518771,93.0,6.0
1902.0,16.0,145.10000000000016,0.01,2.147000283905954,66.0,2.0
1903.0,16.0,145.20000000000016,0.01,2.1434357973245475,65.0,2.0
1904.0,16.0,141.30000000000027,0.01,2.12392156628462,104.0,1.0
1905.0,10.0,87.10000000000004,0.01,2.0611084699630737,40.0,1.0
1906.0,12.0,104.20000000000014,0.01,2.0447585817793725,71.0,3.0
1907.0,10.0,85.80000000000005,0.01,2.1446194671234995,53.0,2.0
1908.0,11.0,96.40000000000009,0.01,2.1753306165337563,48.0,4.0
1909.0,8.0,67.10000000000002,0.01,2.221930886569776,38.0,3.0
1910.0,13.0,116.3000000000001,0.01,2.0681038861181222,51.0,7.0
1911.0,10.0,86.7000000000001,0.01,2.242658495903015,44.0,4.0
1912.0,13.0,114.7000000000001,0.01,2.2359638498790226,67.0,2.0
1913.0,5.0,36.599999999999966,0.01,2.242464080452919,40.0,12.0
1914.0,22.0,201.7000000000003,0.01,2.1926728633214845,106.0,6.0
1915.0,11.0,95.3000000000001,0.01,2.285494081044601,59.0,4.0
1916.0,9.0,76.10000000000002,0.01,2.137681012250939,49.0,3.0
1917.0,12.0,105.80000000000015,0.01,2.046571631865068,55.0,4.0
1918.0,9.0,76.90000000000008,0.01,2.049101018324131,41.0,4.0
1919.0,14.0,124.50000000000014,0.01,2.140316561290196,70.0,2.0
1920.0,22.0,203.8000000000002,0.01,2.0430544642841113,85.0,1.0
1921.0,9.0,77.00000000000003,0.01,2.001584696769714,40.0,5.0
1922.0,11.0,94.20000000000014,0.01,2.0726909160614015,70.0,6.0
1923.0,17.0,153.80000000000015,0.01,2.02881698012352,80.0,3.0
1924.0,19.0,173.70000000000024,0.01,2.1281941224293535,83.0,4.0
1925.0,12.0,105.60000000000005,0.01,2.3072662353515625,57.0,3.0
1926.0,7.0,57.39999999999998,0.01,2.2418790880371544,34.0,2.0
1927.0,15.0,134.30000000000027,0.01,2.3257223253380763,73.0,5.0
1928.0,9.0,74.70000000000007,0.01,2.30714185843392,63.0,11.0
1929.0,6.0,47.19999999999998,0.01,2.2945414406912668,35.0,5.0
1930.0,10.0,86.50000000000003,0.01,2.3130015808603037,46.0,5.0
1931.0,13.0,115.40000000000006,0.01,2.259673360983531,60.0,4.0
1932.0,16.0,143.20000000000022,0.01,2.305314143966226,85.0,4.0
1933.0,14.0,127.10000000000011,0.01,2.1417383497411553,44.0,3.0
1934.0,17.0,154.2000000000002,0.01,2.071182387439828,76.0,3.0
1935.0,8.0,66.60000000000011,0.01,2.047156478083411,43.0,11.0
1936.0,12.0,105.40000000000006,0.01,2.061083739086733,59.0,1.0
1937.0,6.0,48.499999999999986,0.01,2.1141905188560486,22.0,3.0
1938.0,10.0,86.00000000000006,0.01,2.0079655787524056,51.0,3.0
1939.0,11.0,96.70000000000007,0.01,2.0872994661331177,45.0,4.0
1940.0,14.0,125.10000000000011,0.01,2.0217814184725285,64.0,13.0
1941.0,18.0,162.80000000000024,0.01,2.1062418274827057,91.0,5.0
1942.0,14.0,124.20000000000022,0.01,2.2017119077787006,73.0,12.0
1943.0,8.0,67.5,0.01,2.1374276631018696,34.0,2.0
1944.0,12.0,105.90000000000012,0.01,2.1384562209800437,54.0,4.0
1945.0,20.0,182.4000000000003,0.01,2.140366178197959,97.0,1.0
1946.0,13.0,115.30000000000008,0.01,2.0631644159066873,61.0,5.0
1947.0,9.0,76.60000000000001,0.01,2.1653009355068207,44.0,3.0
1948.0,16.0,144.40000000000018,0.01,2.1143715806203347,73.0,6.0
1949.0,13.0,114.50000000000014,0.01,2.0275370780972466,69.0,1.0
1950.0,13.0,115.30000000000015,0.01,2.230916564581824,61.0,1.0
1951.0,14.0,122.80000000000024,0.01,2.1485201709571924,87.0,15.0
1952.0,8.0,66.30000000000001,0.01,2.1973952832429307,46.0,5.0
1953.0,3.0,18.79999999999999,0.01,2.2136205583810806,16.0,2.0
1954.0,12.0,105.70000000000009,0.01,2.2237113352332796,56.0,5.0
1955.0,6.0,48.89999999999999,0.01,2.0792640447616577,18.0,3.0
1956.0,8.0,66.70000000000002,0.01,2.218794876620883,42.0,4.0
1957.0,16.0,144.30000000000024,0.01,2.218170950541625,74.0,4.0
1958.0,14.0,124.7000000000001,0.01,2.1820787804968216,68.0,3.0
1959.0,21.0,191.20000000000036,0.01,2.3349661404436284,110.0,3.0
1960.0,10.0,85.50000000000007,0.01,2.3083911750997816,56.0,8.0
1961.0,4.0,29.199999999999996,0.01,2.2874806294074426,13.0,1.0
1962.0,18.0,165.1000000000001,0.01,2.2955950989442715,68.0,1.0
1963.0,17.0,154.30000000000018,0.01,2.3410695075988768,75.0,2.0
1964.0,18.0,163.20000000000022,0.01,2.348070735218881,87.0,2.0
1965.0,12.0,105.30000000000008,0.01,2.2908763786156974,60.0,3.0
1966.0,10.0,86.90000000000005,0.01,2.318078441279275,42.0,9.0
1967.0,14.0,123.60000000000011,0.01,2.300647682781461,79.0,7.0
1968.0,9.0,76.20000000000003,0.01,2.1557542060812316,48.0,4.0
1969.0,15.0,135.40000000000018,0.01,2.2712251909317507,62.0,1.0
1970.0,17.0,154.20000000000022,0.01,2.1833100867898843,76.0,1.0
1971.0,13.0,115.00000000000013,0.01,2.197869436815381,64.0,3.0
1972.0,10.0,86.80000000000008,0.01,2.3269698398057805,43.0,4.0
1973.0,18.0,162.40000000000032,0.01,2.1711724758148194,95.0,6.0
1974.0,12.0,105.10000000000008,0.01,2.2498050159023655,62.0,4.0
1975.0,12.0,105.00000000000006,0.01,2.10294931275504,63.0,1.0
1976.0,6.0,48.499999999999986,0.01,2.0092703374949368,22.0,3.0
1977.0,10.0,85.69999999999999,0.01,2.0728286217760155,54.0,3.0
1978.0,12.0,104.80000000000013,0.01,2.0119085220190196,65.0,8.0
1979.0,14.0,125.50000000000011,0.01,2.1522181471188864,60.0,4.0
1980.0,19.0,171.0000000000004,0.01,2.0473379611968996,110.0,6.0
1981.0,8.0,66.89999999999999,0.01,2.1420552253723146,40.0,4.0
1982.0,8.0,66.8,0.01,2.147563431321121,41.0,4.0
1983.0,14.0,124.20000000000019,0.01,2.1914441846821404,73.0,1.0
1984.0,11.0,95.10000000000008,0.01,2.0421700164919994,61.0,3.0
1985.0,0.0,-10.3,0.01,1.690207302570343,4.0,4.0
1986.0,12.0,104.30000000000014,0.01,2.063259289945875,70.0,1.0
1987.0,6.0,47.99999999999998,0.01,2.0323205435717546,27.0,3.0
1988.0,18.0,164.70000000000013,0.01,2.090912295712365,72.0,1.0
1989.0,11.0,95.80000000000007,0.01,2.0197459680062755,54.0,4.0
1990.0,13.0,114.90000000000009,0.01,2.020358503781832,65.0,1.0
1991.0,11.0,96.3000000000001,0.01,2.1051823314355342,49.0,1.0
1992.0,13.0,115.20000000000012,0.01,2.054877242734355,62.0,5.0
1993.0,14.0,124.00000000000017,0.01,2.29660152276357,75.0,7.0
1994.0,11.0,95.60000000000005,0.01,2.316144715462412,56.0,3.0
1995.0,10.0,86.30000000000001,0.01,2.3159040982524552,48.0,1.0
1996.0,11.0,95.20000000000007,0.01,2.3116268356641134,60.0,3.0
1997.0,11.0,96.30000000000004,0.01,2.3382199759386024,49.0,3.0
1998.0,15.0,134.20000000000013,0.01,2.3131066818495056,74.0,3.0
1999.0,12.0,105.10000000000008,0.01,2.3941293243438966,62.0,2.0
2000.0,14.0,124.90000000000015,0.01,2.38457554398161,66.0,10.0
